quarter,year,quarter_num,house_sales,hpi,house_stock,residential_investment,ocr,cpi,gdp,hpi_growth,hpi_growth_lag1,hpi_growth_lag2,hpi_growth_lag3,hpi_growth_lag4,hpi_growth_lag16,hpi_growth_rolling_mean_1y,hpi_growth_rolling_mean_4y,hpi_growth_rolling_mean_10y,hpi_growth_diff_lag1_minus_lag2,hpi_growth_diff_lag1_minus_lag4,hpi_growth_ratio_lag1_over_lag2,hpi_growth_ratio_lag1_over_lag4,house_sales_lag1,house_sales_lag2,house_sales_lag3,house_sales_lag4,house_sales_lag16,house_sales_rolling_mean_1y,house_sales_rolling_mean_4y,house_sales_rolling_mean_10y,house_sales_diff_lag1_minus_lag2,house_sales_diff_lag1_minus_lag4,house_sales_ratio_lag1_over_lag2,house_sales_ratio_lag1_over_lag4,hpi_rolling_mean_1y,hpi_rolling_mean_4y,hpi_rolling_mean_10y,house_stock_rolling_mean_1y,house_stock_rolling_mean_4y,house_stock_rolling_mean_10y,residential_investment_rolling_mean_1y,residential_investment_rolling_mean_4y,residential_investment_rolling_mean_10y,ocr_rolling_mean_1y,ocr_rolling_mean_4y,ocr_rolling_mean_10y,cpi_rolling_mean_1y,cpi_rolling_mean_4y,cpi_rolling_mean_10y,gdp_rolling_mean_1y,gdp_rolling_mean_4y,gdp_rolling_mean_10y,covid_lockdown_2020q2_q3,reopening_supply_2021q2_2022q4
1990-03-31,1990,Q1,22855.0,477.0,123000.0,1790,,573.78,18300,,,,,,,,,,,,,,,,,,,,,,,,,,,,,,,,,,,,,,,,,,,,0,0
1990-06-30,1990,Q2,22684.0,480.0,125000.0,2043,,583.79,18329,0.628930817610063,,,,,,,,,,,,,22855.0,,,,,22855.0,22855.0,22855.0,,,,,477.0,477.0,477.0,123000.0,123000.0,123000.0,1790.0,1790.0,1790.0,,,,573.78,573.78,573.78,18300.0,18300.0,18300.0,0,0
1990-09-30,1990,Q3,20176.0,483.0,126000.0,1873,,589.18,18816,0.625000000000009,0.628930817610063,,,,,0.628930817610063,0.628930817610063,0.628930817610063,,,,,22684.0,22855.0,,,,22769.5,22769.5,22769.5,-171.0,,0.992518048567053,,478.5,478.5,478.5,124000.0,124000.0,124000.0,1916.5,1916.5,1916.5,,,,578.785,578.785,578.785,18314.5,18314.5,18314.5,0,0
1990-12-31,1990,Q4,17480.0,482.0,126000.0,1985,,595.34,20461,-0.207039337474124,0.625000000000009,0.628930817610063,,,,0.626965408805036,0.626965408805036,0.626965408805036,-0.00393081761005387,,0.993750000000014,,20176.0,22684.0,22855.0,,,21905.0,21905.0,21905.0,-2508.0,,0.889437488979016,,480.0,480.0,480.0,124666.666666667,124666.666666667,124666.666666667,1902.0,1902.0,1902.0,,,,582.25,582.25,582.25,18481.6666666667,18481.6666666667,18481.6666666667,0,0
1991-03-31,1991,Q1,17338.0,479.0,124000.0,1567,,599.89,17864,-0.622406639004147,-0.207039337474124,0.625000000000009,0.628930817610063,,,0.348963826711983,0.348963826711983,0.348963826711983,-0.832039337474133,,-0.331262939958594,,17480.0,20176.0,22684.0,22855.0,,20798.75,20798.75,20798.75,-2696.0,-5375.0,0.866375892149088,0.764821702034566,480.5,480.5,480.5,125000.0,125000.0,125000.0,1922.75,1922.75,1922.75,,,,585.5225,585.5225,585.5225,18976.5,18976.5,18976.5,0,0
1991-06-30,1991,Q2,17903.0,470.0,123000.0,1626,,600.29,17485,-1.87891440501043,-0.622406639004147,-0.207039337474124,0.625000000000009,0.628930817610063,,0.10612121028295,0.10612121028295,0.10612121028295,-0.415367301530023,-1.25133745661421,3.00622406638997,-0.989626556016594,17338.0,17480.0,20176.0,22684.0,,19419.5,20106.6,20106.6,-142.0,-5346.0,0.99187643020595,0.764327279139482,481.0,480.2,480.2,125250.0,124800.0,124800.0,1867.0,1851.6,1851.6,,,,592.05,588.396,588.396,18867.5,18754.0,18754.0,0,0
1991-09-30,1991,Q3,17774.0,468.0,125000.0,1541,,601.64,17760,-0.425531914893618,-1.87891440501043,-0.622406639004147,-0.207039337474124,0.625000000000009,,-0.520840095372174,-0.290885912775727,-0.290885912775727,-1.25650776600629,-2.50391440501044,3.01878914405011,-3.00626304801665,17903.0,17338.0,17480.0,20176.0,,18224.25,19739.3333333333,19739.3333333333,565.0,-2273.0,1.03258738032068,0.887341395717684,478.5,478.5,478.5,124750.0,124500.0,124500.0,1762.75,1814.0,1814.0,,,,596.175,590.378333333333,590.378333333333,18656.5,18542.5,18542.5,0,0
1991-12-31,1991,Q4,16794.0,466.0,125000.0,1684,,601.23,19379,-0.427350427350426,-0.425531914893618,-1.87891440501043,-0.622406639004147,-0.207039337474124,,-0.783473074095581,-0.313326913128709,-0.313326913128709,1.45338249011682,-0.218492577419493,0.226477541371159,2.05531914893613,17774.0,17903.0,17338.0,17480.0,,17623.75,19458.5714285714,19458.5714285714,-129.0,294.0,0.992794503714461,1.01681922196796,474.75,477.0,477.0,124500.0,124571.428571429,124571.428571429,1679.75,1775.0,1775.0,,,,599.29,591.987142857143,591.987142857143,18392.5,18430.7142857143,18430.7142857143,0,0
1992-03-31,1992,Q1,18663.0,468.0,125000.0,1498,,604.77,18560,0.429184549356232,-0.427350427350426,-0.425531914893618,-1.87891440501043,-0.622406639004147,,-0.838550846564656,-0.329615986588954,-0.329615986588954,-0.0018185124568082,0.195056211653721,1.0042735042735,0.686609686609687,16794.0,17774.0,17903.0,17338.0,,17452.25,19125.5,19125.5,-980.0,-544.0,0.944863283447733,0.968623832045219,470.75,475.625,475.625,124250.0,124625.0,124625.0,1604.5,1763.625,1763.625,,,,600.7625,593.1425,593.1425,18122.0,18549.25,18549.25,0,0
1992-06-30,1992,Q2,18565.0,467.0,127000.0,1701,,606.14,18299,-0.213675213675213,0.429184549356232,-0.427350427350426,-0.425531914893618,-1.87891440501043,,-0.575653049474562,-0.234765919595806,-0.234765919595806,0.856534976706658,2.30809895436667,-1.00429184549359,-0.228421554601817,18663.0,16794.0,17774.0,17903.0,,17783.5,19074.1111111111,19074.1111111111,1869.0,760.0,1.11128974633798,1.04245098586829,468.0,474.777777777778,474.777777777778,124500.0,124666.666666667,124666.666666667,1587.25,1734.11111111111,1734.11111111111,,,,601.9825,594.434444444444,594.434444444444,18296.0,18550.4444444444,18550.4444444444,0,0
1992-09-30,1992,Q3,18948.0,470.0,128000.0,1576,,607.31,18040,0.642398286937906,-0.213675213675213,0.429184549356232,-0.427350427350426,-0.425531914893618,,-0.159343251640756,-0.232422507826851,-0.232422507826851,-0.642859763031445,0.211856701218405,-0.497863247863236,0.50213675213675,18565.0,18663.0,16794.0,17774.0,,17949.0,19023.2,19023.2,-98.0,791.0,0.994748968547393,1.04450320693147,467.25,474.0,474.0,125500.0,124900.0,124900.0,1606.0,1730.8,1730.8,,,,603.445,595.605,595.605,18499.5,18525.3,18525.3,0,0
1992-12-31,1992,Q4,18649.0,477.0,129000.0,1757,,609.23,20405,1.48936170212766,0.642398286937906,-0.213675213675213,0.429184549356232,-0.427350427350426,,0.107639298817125,-0.144940428350375,-0.144940428350375,0.856073500613119,1.06974871428833,-3.00642398286941,-1.50321199143471,18948.0,18565.0,18663.0,16794.0,,18242.5,19016.3636363636,19016.3636363636,383.0,2154.0,1.02063021815244,1.12826009289032,467.75,473.636363636364,473.636363636364,126250.0,125181.818181818,125181.818181818,1614.75,1716.72727272727,1716.72727272727,,,,604.8625,596.669090909091,596.669090909091,18569.5,18481.1818181818,18481.1818181818,0,0
1993-03-31,1993,Q1,19963.0,481.0,131000.0,1555,,610.63,19098,0.838574423480076,1.48936170212766,0.642398286937906,-0.213675213675213,0.429184549356232,,0.586817331186645,0.00363249260217307,0.00363249260217307,0.84696341518975,1.06017715277142,2.31843971631203,3.47021276595737,18649.0,18948.0,18565.0,18663.0,,18706.25,18985.75,18985.75,-299.0,-14.0,0.98421997044543,0.999249852649628,470.5,473.916666666667,473.916666666667,127250.0,125500.0,125500.0,1633.0,1720.08333333333,1720.08333333333,,,,606.8625,597.715833333333,597.715833333333,18826.0,18641.5,18641.5,0,0
1993-06-30,1993,Q2,20440.0,482.0,133000.0,1887,,614.14,19268,0.207900207900202,0.838574423480076,1.48936170212766,0.642398286937906,-0.213675213675213,,0.689164799717606,0.0732109868419983,0.0732109868419983,-0.65078727864758,1.05224963715529,0.563042827193767,-3.92452830188677,19963.0,18649.0,18948.0,18565.0,,19031.25,19060.9230769231,19060.9230769231,1314.0,1398.0,1.0704595420666,1.07530298949636,473.75,474.461538461538,474.461538461538,128750.0,125923.076923077,125923.076923077,1647.25,1707.38461538462,1707.38461538462,,,,608.3275,598.709230769231,598.709230769231,18960.5,18676.6153846154,18676.6153846154,0,0
1993-09-30,1993,Q3,23897.0,491.0,136000.0,1979,,616.28,19758,1.86721991701244,0.207900207900202,0.838574423480076,1.48936170212766,0.642398286937906,,0.79455865511146,0.0835716961541679,0.0835716961541679,-0.630674215579874,-0.434498079037704,0.247920997920994,0.323631323631313,20440.0,19963.0,18649.0,18948.0,,19500.0,19159.4285714286,19159.4285714286,477.0,1492.0,1.02389420427791,1.07874181971712,477.5,475.0,475.0,130250.0,126428.571428571,126428.571428571,1693.75,1720.21428571429,1720.21428571429,,,,610.3275,599.811428571429,599.811428571429,19202.75,18718.8571428571,18718.8571428571,0,0
1993-12-31,1993,Q4,25509.0,503.0,140000.0,2090,,618.0,21903,2.44399185336048,1.86721991701244,0.207900207900202,0.838574423480076,1.48936170212766,,1.10076406263009,0.210975140501187,0.210975140501187,1.65931970911224,0.377858214884785,8.98132780083008,1.25370480142264,23897.0,20440.0,19963.0,18649.0,,20737.25,19475.2666666667,19475.2666666667,3457.0,5248.0,1.16912915851272,1.28140919084133,482.75,476.066666666667,476.066666666667,132250.0,127066.666666667,127066.666666667,1794.5,1737.46666666667,1737.46666666667,,,,612.57,600.909333333333,600.909333333333,19632.25,18788.1333333333,18788.1333333333,0,0
1994-03-31,1994,Q1,29863.0,520.0,148000.0,1793,,619.0,20442,3.37972166998013,2.44399185336048,1.86721991701244,0.207900207900202,0.838574423480076,,1.3394216004383,0.359842921358474,0.359842921358474,0.576771936348042,1.60541742988041,1.30889341479973,2.9144602851324,25509.0,23897.0,20440.0,19963.0,22855.0,22452.25,19852.375,19852.375,1612.0,5546.0,1.06745616604595,1.27781395581826,489.25,477.75,477.75,135000.0,127875.0,127875.0,1877.75,1759.5,1759.5,,,,614.7625,601.9775,601.9775,20006.75,18982.8125,18982.8125,0,0
1994-06-30,1994,Q2,27811.0,536.0,154000.0,2274,,621.0,20886,3.07692307692307,3.37972166998013,2.44399185336048,1.86721991701244,0.207900207900202,0.628930817610063,1.97470841206331,0.548585343147327,0.548585343147327,0.935729816619646,3.17182146207993,1.38286944996687,16.2564612326049,29863.0,25509.0,23897.0,20440.0,22684.0,24927.25,20290.375,20441.2352941176,4354.0,9423.0,1.17068485632522,1.46100782778865,499.0,480.4375,480.235294117647,139250.0,129437.5,129058.823529412,1937.25,1759.6875,1761.47058823529,,,,616.855,604.80375,602.978823529412,20342.75,19116.6875,19068.6470588235,0,0
1994-09-30,1994,Q3,26723.0,554.0,160000.0,2271,,629.0,21386,3.35820895522387,3.07692307692307,3.37972166998013,2.44399185336048,1.86721991701244,0.625000000000009,2.69196412931903,0.70158485935439,0.697311092192959,-0.302798593057063,1.20970315991062,0.910407239818999,1.64786324786325,27811.0,29863.0,25509.0,23897.0,20176.0,26770.0,20610.8125,20850.6666666667,-2052.0,3914.0,0.931286207012022,1.16378624932,512.5,483.9375,483.333333333333,144500.0,131250.0,130444.444444444,2034.0,1774.125,1789.94444444444,,,,618.57,607.129375,603.98,20747.25,19276.5,19169.6111111111,0,0
1994-12-31,1994,Q4,24300.0,572.0,164000.0,2248,,635.0,23704,3.24909747292419,3.35820895522387,3.07692307692307,3.37972166998013,2.44399185336048,-0.207039337474124,3.06471138887189,0.872410419055881,0.845138751250232,0.281285878300808,0.91421710186339,1.09141791044776,1.3740671641791,26723.0,27811.0,29863.0,25509.0,17480.0,27476.5,21020.0,21159.7368421053,-1088.0,1214.0,0.960878788968394,1.04759104629739,528.25,488.375,487.052631578947,150500.0,133375.0,132000.0,2107.0,1799.0,1815.26315789474,,,,621.75,609.618125,605.296842105263,21154.25,19437.125,19286.2631578947,0,0
1995-03-31,1995,Q1,23432.0,579.0,168000.0,2013,,644.0,21876,1.22377622377623,3.24909747292419,3.35820895522387,3.07692307692307,3.37972166998013,-0.622406639004147,3.26598779376281,1.08841896970578,0.97166289449623,-0.109111482299684,-0.13062419705594,0.967509025270761,0.961350605224037,24300.0,26723.0,27811.0,29863.0,17338.0,27174.25,21446.25,21316.75,-2423.0,-5563.0,0.909329042397934,0.813715969594481,545.5,494.0,491.3,156500.0,135750.0,133600.0,2146.5,1815.4375,1836.9,,,,626.0,612.096875,606.782,21604.5,19639.8125,19507.15,0,0
1995-06-30,1995,Q2,24510.0,585.0,172000.0,2361,,650.0,22654,1.03626943005182,1.22377622377623,3.24909747292419,3.35820895522387,3.07692307692307,-1.87891440501043,2.72700143221184,1.20380539862955,0.98426856096023,-2.02532124914796,-1.85314685314684,0.376651126651128,0.397727272727276,23432.0,24300.0,26723.0,27811.0,17903.0,25566.5,21827.125,21417.4761904762,-868.0,-4379.0,0.964279835390947,0.842544316996872,560.25,500.25,495.47619047619,161500.0,138500.0,135238.095238095,2201.5,1843.3125,1845.28571428571,,,,632.25,614.85375,608.554285714286,21963.0,19890.5625,19619.9523809524,0,0
1995-09-30,1995,Q3,26186.0,599.0,177000.0,2145,,651.0,22942,2.39316239316238,1.03626943005182,1.22377622377623,3.24909747292419,3.35820895522387,-0.425531914893618,2.21683802049403,1.38600438832094,0.986744792821734,-0.187506793724412,-2.32193952517206,0.846780162842338,0.308578008059875,24510.0,23432.0,24300.0,26723.0,17774.0,24741.25,22240.0625,21558.0454545455,1078.0,-2213.0,1.04600546261523,0.917187441529768,572.5,507.4375,499.545454545455,166000.0,141562.5,136909.090909091,2223.25,1889.25,1868.72727272727,,,,639.5,617.960625,610.438181818182,22405.0,20213.625,19757.8636363636,0,0
1995-12-31,1995,Q4,27304.0,621.0,183000.0,2285,,654.0,25253,3.67278797996662,2.39316239316238,1.03626943005182,1.22377622377623,3.24909747292419,-0.427350427350426,1.97557637997866,1.56217278257444,1.05067286556449,1.35689296311057,-0.855935079761805,2.30940170940169,0.736562203228867,26186.0,24510.0,23432.0,24300.0,16794.0,24607.0,22765.8125,21759.2608695652,1676.0,1886.0,1.06838025295798,1.07761316872428,583.75,515.625,503.869565217391,170250.0,144812.5,138652.173913043,2191.75,1927.0,1880.73913043478,,,,645.0,621.045625,612.201739130435,22794.0,20537.5,19896.3043478261,0,0
1996-03-31,1996,Q1,34600.0,653.0,192000.0,2088,,658.0,23584,5.15297906602254,3.67278797996662,2.39316239316238,1.03626943005182,1.22377622377623,0.429184549356232,2.08149900673926,1.81843143303176,1.1646778705385,1.27962558680423,2.44901175619039,1.53470069162891,3.00119246362985,27304.0,26186.0,24510.0,23432.0,18663.0,25358.0,23422.6875,21990.2916666667,1118.0,3872.0,1.04269456961735,1.16524411061796,596.0,525.3125,508.75,175000.0,148437.5,140500.0,2201.0,1964.5625,1897.58333333333,,,,649.75,624.34375,613.943333333333,23181.25,20904.625,20119.5,0,0
1996-06-30,1996,Q2,25088.0,663.0,196000.0,2379,,663.0,24178,1.53139356814702,5.15297906602254,3.67278797996662,2.39316239316238,1.03626943005182,-0.213675213675213,3.06379971730084,2.1136685903234,1.330857087017,1.48019108605593,4.11670963597073,1.40301566388523,4.97262479871174,34600.0,27304.0,26186.0,24510.0,18565.0,28150.0,24418.75,22494.68,7296.0,10090.0,1.26721359507764,1.41166870665035,614.5,536.875,514.52,181000.0,152625.0,142560.0,2219.75,2001.4375,1905.2,,,,653.25,627.670625,615.7056,23608.25,21218.625,20258.08,0,0
1996-09-30,1996,Q3,22894.0,662.0,197000.0,2221,,666.0,24671,-0.150829562594268,1.53139356814702,5.15297906602254,3.67278797996662,2.39316239316238,0.642398286937906,3.18758075182464,2.22273538918729,1.3388785462622,-3.62158549787552,-0.861768825015363,0.297186064318531,0.639903740975722,25088.0,34600.0,27304.0,26186.0,18948.0,28294.5,24826.4375,22594.4230769231,-9512.0,-1098.0,0.725086705202312,0.95806919728099,634.0,549.125,520.230769230769,187000.0,156937.5,144615.384615385,2224.25,2043.8125,1923.42307692308,,,,656.5,631.224375,617.524615384615,23989.25,21586.0625,20408.8461538462,0,0
1996-12-31,1996,Q4,26436.0,680.0,201000.0,2435,,670.0,26520,2.71903323262841,-0.150829562594268,1.53139356814702,5.15297906602254,3.67278797996662,1.48936170212766,2.55158276288548,2.17315864859153,1.28158208053695,-1.68222313074129,-3.82361754256089,-0.0984917043740565,-0.0410667763608938,22894.0,25088.0,34600.0,27304.0,18649.0,27471.5,25073.0625,22605.5185185185,-2194.0,-4410.0,0.912547831632653,0.838485203633167,649.75,561.125,525.481481481482,192000.0,161250.0,146555.555555556,2243.25,2084.125,1934.44444444444,,,,660.25,634.8925,619.32,24421.5,22000.5,20566.7037037037,0,0
1997-03-31,1997,Q1,29123.0,696.0,209000.0,2281,,670.0,24133,2.35294117647058,2.71903323262841,-0.150829562594268,1.53139356814702,5.15297906602254,0.838574423480076,2.31314407605093,2.25001311924783,1.33482101209589,2.86986279522268,-2.43394583339414,-18.0271903323264,0.527662386706951,26436.0,22894.0,25088.0,34600.0,19963.0,27254.5,25559.75,22742.3214285714,3542.0,-8164.0,1.15471302524679,0.764046242774566,664.5,573.8125,531.0,196500.0,165750.0,148500.0,2280.75,2126.5,1952.32142857143,,,,664.25,638.690625,621.13,24738.25,22382.6875,20779.3214285714,0,0
1997-06-30,1997,Q2,27146.0,702.0,215000.0,2486,,670.0,25694,0.862068965517238,2.35294117647058,2.71903323262841,-0.150829562594268,1.53139356814702,0.207900207900202,1.61313460366294,2.34466104130973,1.37118244653785,-0.36609205615783,0.821547608323558,0.865359477124176,1.53647058823528,29123.0,26436.0,22894.0,25088.0,20440.0,25885.25,26132.25,22962.3448275862,2687.0,4035.0,1.10164170071115,1.16083386479592,675.25,587.25,536.689655172414,200750.0,170625.0,150586.206896552,2329.0,2171.875,1963.65517241379,,,,667.25,642.40125,622.815172413793,24875.5,22697.375,20894.9655172414,0,0
1997-09-30,1997,Q3,25188.0,706.0,218000.0,2508,,673.0,25348,0.56980056980056,0.862068965517238,2.35294117647058,2.71903323262841,-0.150829562594268,1.86721991701244,1.44580345300549,2.3855465886608,1.35362680926127,-1.49087221095334,1.01289852811151,0.366379310344827,-5.71551724137931,27146.0,29123.0,26436.0,22894.0,23897.0,26399.75,26551.375,23101.8,-1977.0,4252.0,0.932115510077945,1.18572551760287,685.0,601.0,542.2,205500.0,175750.0,152733.333333333,2355.75,2209.3125,1981.06666666667,,,,669.0,645.8925,624.388,25254.5,23099.0,21054.9333333333,0,0
1997-12-31,1997,Q4,24390.0,715.0,221000.0,2531,,676.0,27283,1.27478753541077,0.56980056980056,0.862068965517238,2.35294117647058,2.71903323262841,2.44399185336048,1.6259609861042,2.30445787946005,1.32749926794592,-0.292268395716677,-2.14923266282785,0.660968660968653,0.209559987337761,25188.0,27146.0,29123.0,26436.0,25509.0,26973.25,26632.0625,23169.0967741935,-1958.0,-1248.0,0.927871509614676,0.952791647753064,696.0,614.4375,547.483870967742,210750.0,180875.0,154838.709677419,2427.5,2242.375,1998.06451612903,,,,670.75,649.4375,625.956129032258,25423.75,23448.375,21193.4193548387,0,0
1998-03-31,1998,Q1,21163.0,709.0,220000.0,2067,,679.0,25028,-0.839160839160835,1.27478753541077,0.56980056980056,0.862068965517238,2.35294117647058,3.37972166998013,1.26489956179979,2.2313826095882,1.32579888947704,0.70498696561021,-1.07815364105981,2.23725212464594,0.541784702549579,24390.0,25188.0,27146.0,29123.0,29863.0,26461.75,26562.125,23207.25,-798.0,-4733.0,0.968318246784183,0.837482402225045,704.75,627.6875,552.71875,215750.0,185937.5,156906.25,2451.5,2269.9375,2014.71875,,,,672.25,653.0625,627.52,25614.5,23784.625,21383.71875,0,0
1998-06-30,1998,Q2,18373.0,688.0,218000.0,2203,,681.0,25758,-2.96191819464033,-0.839160839160835,1.27478753541077,0.56980056980056,0.862068965517238,3.07692307692307,0.466874057891933,1.96770245276689,1.25814389795711,-2.11394837457161,-1.70122980467807,-0.658275058275052,-0.973426573426573,21163.0,24390.0,25188.0,27146.0,27811.0,24471.75,26018.375,23145.303030303,-3227.0,-5983.0,0.867691676916769,0.77959920430266,708.0,639.5,557.454545454545,218500.0,190437.5,158818.181818182,2398.0,2287.0625,2016.30303030303,,,,674.5,656.8125,629.08,25838.25,24071.25,21494.1515151515,0,0
1998-09-30,1998,Q3,20564.0,677.0,219000.0,2016,,684.0,25386,-1.59883720930233,-2.96191819464033,-0.839160839160835,1.27478753541077,0.56980056980056,3.35820895522387,-0.489122732147459,1.59027487329417,1.13026322848446,-2.1227573554795,-3.53171876444089,3.52961918194641,-5.19816643159387,18373.0,21163.0,24390.0,25188.0,26723.0,22278.5,25428.5,23004.9411764706,-2790.0,-6815.0,0.868166139016208,0.729434651421312,704.5,649.0,561.294117647059,219250.0,194437.5,160558.823529412,2327.25,2282.625,2021.79411764706,,,,677.25,660.5625,630.607058823529,25854.25,24375.75,21619.5588235294,0,0
1998-12-31,1998,Q4,24764.0,690.0,221000.0,2153,,679.0,28369,1.92023633677991,-1.59883720930233,-2.96191819464033,-0.839160839160835,1.27478753541077,3.24909747292419,-1.03128217692318,1.28045948801129,1.04999556854955,1.36308098533801,-2.8736247447131,0.539797895902549,-1.25419896640827,20564.0,18373.0,21163.0,24390.0,24300.0,21122.5,25043.5625,22935.2,2191.0,-3826.0,1.11925107494693,0.843132431324313,697.25,656.6875,564.6,219500.0,198125.0,162228.571428571,2204.25,2266.6875,2021.62857142857,,,,680.0,664.0,632.132571428571,25863.75,24625.75,21727.1714285714,0,0
1999-03-31,1999,Q1,26134.0,701.0,223000.0,1969,,678.0,25884,1.59420289855072,1.92023633677991,-1.59883720930233,-2.96191819464033,-0.839160839160835,1.22377622377623,-0.869919976580896,1.19740566700227,1.07485959049899,3.51907354608224,2.75939717594075,-1.20102054518598,-2.28828163466274,24764.0,20564.0,18373.0,21163.0,23432.0,21216.0,25072.5625,22986.0,4200.0,3601.0,1.20424042015172,1.17015546000094,691.0,664.0625,568.083333333333,219500.0,201687.5,163861.111111111,2109.75,2260.75,2025.27777777778,,,,680.75,666.75,633.434444444444,26135.25,24917.3125,21911.6666666667,0,0
1999-06-30,1999,Q2,24271.0,705.0,226000.0,2284,,679.0,27201,0.570613409415111,1.59420289855072,1.92023633677991,-1.59883720930233,-2.96191819464033,1.03626943005182,-0.261579042153007,1.22055733417568,1.08928579350043,-0.32603343822919,4.55612109319106,0.830211817168337,-0.538233264320221,26134.0,24764.0,20564.0,18373.0,24510.0,22458.75,25241.4375,23071.0810810811,1370.0,7761.0,1.05532224196414,1.4224133238992,689.0,671.6875,571.675675675676,220250.0,205125.0,165459.459459459,2085.25,2258.0,2023.75675675676,,,,680.5,668.875,634.638918918919,26349.25,25167.8125,22019.027027027,0,0
1999-09-30,1999,Q3,23207.0,706.0,227000.0,2439,,681.0,27470,0.141843971631195,0.570613409415111,1.59420289855072,1.92023633677991,-1.59883720930233,2.39316239316238,0.621553858860854,1.19145383288588,1.07526762095758,-1.02358948913561,2.16945061871744,0.357930229542206,-0.356892750615996,24271.0,26134.0,24764.0,20564.0,26186.0,23933.25,25226.5,23102.6578947368,-1863.0,3707.0,0.928713553225683,1.18026648511963,693.25,679.1875,575.184210526316,222250.0,208500.0,167052.631578947,2105.5,2253.1875,2030.60526315789,,,,680.0,670.6875,635.806315789474,26710.0,25452.0,22155.3947368421,0,0
1999-12-31,1999,Q4,22042.0,705.0,227000.0,2525,,682.0,30535,-0.141643059490082,0.141843971631195,0.570613409415111,1.59420289855072,1.92023633677991,3.67278797996662,1.05672415409424,1.05074643154018,1.05070384071215,-0.428769437783916,-1.77839236514872,0.248581560283674,0.0738679759956299,23207.0,24271.0,26134.0,24764.0,27304.0,24594.0,25040.3125,23105.3333333333,-1064.0,-1557.0,0.95616167442627,0.937126473913746,700.5,685.875,578.538461538462,224250.0,211625.0,168589.743589744,2211.25,2271.5625,2041.07692307692,,,,679.25,672.5625,636.965128205128,27231.0,25735.0,22291.6666666667,0,0
2000-03-31,2000,Q1,22912.0,705.0,229000.0,2706,5.31,688.0,27457,0.0,-0.141643059490082,0.141843971631195,0.570613409415111,1.59420289855072,5.15297906602254,0.541254305026737,0.812344491574139,1.02013084327107,-0.283487031121277,-1.7358459580408,-0.998583569405154,-0.0888488282255969,22042.0,23207.0,24271.0,26134.0,34600.0,23913.5,24711.4375,23078.75,-1165.0,-4092.0,0.949799629422157,0.843422361674447,704.25,691.125,581.7,225750.0,214375.0,170050.0,2304.25,2286.5625,2053.175,,,,680.0,674.3125,638.091,27772.5,26065.125,22497.75,0,0
2000-06-30,2000,Q2,19752.0,698.0,229000.0,2298,6.21,693.0,28068,-0.992907801418441,0.0,-0.141643059490082,0.141843971631195,0.570613409415111,1.53139356814702,0.142703580389056,0.49028329994773,0.994627572189291,0.141643059490082,-0.570613409415111,0.0,0.0,22912.0,22042.0,23207.0,24271.0,25088.0,23108.0,23980.9375,23080.175,870.0,-1359.0,1.03947010253153,0.944007251452351,705.25,694.375,587.4,227250.0,216687.5,172700.0,2488.5,2325.1875,2076.075,5.31,5.31,5.31,682.5,676.1875,640.9465,28165.75,26307.1875,22726.675,0,0
2000-09-30,2000,Q3,18464.0,697.0,232000.0,2386,6.5,701.0,28800,-0.143266475644699,-0.992907801418441,0.0,-0.141643059490082,0.141843971631195,-0.150829562594268,-0.248176722319332,0.332514464349888,0.954081606713578,-0.992907801418441,-1.13475177304964,,-7.00000000000055,19752.0,22912.0,22042.0,23207.0,22894.0,21978.25,23647.4375,23006.875,-3160.0,-3455.0,0.862081005586592,0.851122506140389,703.5,696.5625,592.85,228000.0,218750.0,175300.0,2492.0,2320.125,2082.45,5.76,5.76,5.76,686.0,678.0625,643.67675,28382.5,26550.3125,22970.15,0,0
2000-12-31,2000,Q4,18382.0,697.0,232000.0,2099,6.5,709.0,31429,0.0,-0.143266475644699,-0.992907801418441,0.0,-0.141643059490082,2.71903323262841,-0.319454334138305,0.332987157284236,0.934874944822461,0.849641325773742,-0.00162341615461692,0.144289807613589,1.0114613180516,18464.0,19752.0,22912.0,22042.0,26436.0,20792.5,23370.5625,22964.075,-1288.0,-3578.0,0.934791413527744,0.837673532347337,701.25,698.75,598.2,229250.0,220937.5,177950.0,2478.75,2330.4375,2095.275,6.00666666666667,6.00666666666667,6.00666666666667,691.0,680.25,646.47225,28715.0,26808.375,23219.75,0,0
2001-03-31,2001,Q1,22747.0,701.0,236000.0,1848,6.45,709.0,27979,0.573888091822106,0.0,-0.143266475644699,-0.992907801418441,0.0,2.35294117647058,-0.284043569265785,0.163047580244961,0.940050928259314,0.143266475644699,0.0,0.0,,18382.0,18464.0,19752.0,22912.0,29123.0,19877.5,22867.1875,22986.625,-82.0,-4530.0,0.995558925476603,0.802287011173184,699.25,699.8125,603.575,230500.0,222875.0,180600.0,2372.25,2309.4375,2098.125,6.13,6.13,6.13,697.75,682.6875,649.31375,28938.5,27115.1875,23493.95,0,0
2001-06-30,2001,Q2,22587.0,700.0,238000.0,2082,5.91,715.0,29293,-0.142653352353783,0.573888091822106,0.0,-0.143266475644699,-0.992907801418441,0.862068965517238,-0.140571546310259,0.051856762454431,0.96995829652997,0.573888091822106,1.56679589324055,,-0.577987292477977,22747.0,18382.0,18464.0,19752.0,27146.0,19836.25,22468.6875,23121.85,4365.0,2995.0,1.23746055924274,1.15163021466181,698.25,700.125,609.125,232250.0,224562.5,183400.0,2157.75,2282.375,2105.15,6.415,6.194,6.194,703.0,685.125,652.0415,29069.0,27355.5625,23746.825,0,0
2001-09-30,2001,Q3,22444.0,706.0,241000.0,2109,5.69,718.0,29960,0.857142857142867,-0.142653352353783,0.573888091822106,0.0,-0.143266475644699,0.56980056980056,0.0719920659559059,-0.0109383824125078,1.01336482284639,-0.716541444175889,0.000613123290915674,-0.248573466476462,0.995720399429409,22587.0,22747.0,18382.0,18464.0,25188.0,20545.0,22183.75,23238.95,-160.0,4123.0,0.992966105420495,1.22329939341421,698.75,700.0,614.875,234500.0,226000.0,186275.0,2103.75,2257.125,2116.55,6.34,6.14666666666667,6.14666666666667,708.5,687.9375,654.90925,29375.25,27580.5,24042.025,0,0
2001-12-31,2001,Q4,26415.0,718.0,246000.0,2539,5.0,722.0,33759,1.69971671388103,0.857142857142867,-0.142653352353783,0.573888091822106,0.0,1.27478753541077,0.322094399152797,0.00702051054638636,1.0454316921473,0.999796209496651,0.857142857142867,-6.00857142857138,,22444.0,22587.0,22747.0,18382.0,24390.0,21540.0,22012.25,23355.7,-143.0,4062.0,0.993668924602648,1.22097704275922,701.0,700.0,620.825,236750.0,227437.5,189175.0,2034.5,2232.1875,2130.75,6.1375,6.08142857142857,6.08142857142857,712.75,690.75,657.81825,29665.25,27868.75,24347.025,0,0
2002-03-31,2002,Q1,32158.0,737.0,255000.0,2085,4.78,728.0,31030,2.64623955431755,1.69971671388103,0.857142857142867,-0.142653352353783,0.573888091822106,-0.839160839160835,0.747023577623054,0.0335785842007774,1.09860837067808,0.84257385673816,1.12582862205892,1.98300283286118,2.96175637393763,26415.0,22444.0,22587.0,22747.0,21163.0,23548.25,22138.8125,23596.225,3971.0,3668.0,1.17692924612369,1.16125203323515,706.25,700.1875,627.125,240250.0,229000.0,192200.0,2144.5,2232.6875,2152.125,5.7625,5.94625,5.94625,716.0,693.625,660.8375,30247.75,28273.5,24706.525,0,0
2002-06-30,2002,Q2,30378.0,752.0,260000.0,2426,5.33,735.0,30656,2.03527815468114,2.64623955431755,1.69971671388103,0.857142857142867,-0.142653352353783,-2.96191819464033,1.26511144324692,0.251416108793177,1.15403474580212,0.946522840436526,2.78889290667134,1.55687093779015,-18.5501392757657,32158.0,26415.0,22444.0,22587.0,18373.0,25901.0,22826.0,23933.6,5743.0,9571.0,1.21741434790839,1.42373931907735,715.25,701.9375,633.85,245000.0,231187.5,195450.0,2203.75,2233.8125,2166.8,5.345,5.81666666666667,5.81666666666667,720.75,696.6875,663.91825,31010.5,28648.625,25018.275,0,0
2002-09-30,2002,Q3,29744.0,773.0,270000.0,2861,5.74,737.0,32830,2.79255319148937,2.03527815468114,2.64623955431755,1.69971671388103,0.857142857142867,-1.59883720930233,1.80959432000565,0.563740880625769,1.21025858001103,-0.610961399636412,1.17813529753827,0.769120902663714,2.3744911804613,30378.0,32158.0,26415.0,22444.0,20564.0,27848.75,23576.3125,24228.925,-1780.0,7934.0,0.944648299023571,1.35350204954554,728.25,705.9375,640.975,250500.0,233812.5,198775.0,2289.75,2247.75,2184.925,5.2,5.768,5.768,725.75,700.0625,667.13975,31351.25,28954.75,25327.2,0,0
2002-12-31,2002,Q4,33431.0,801.0,282000.0,2898,5.75,742.0,35428,3.6222509702458,2.79255319148937,2.03527815468114,2.64623955431755,1.69971671388103,1.92023633677991,2.29344690359227,0.83820278067525,1.26401245262481,0.757275036808225,1.09283647760834,1.37207446808511,1.64295212765957,29744.0,30378.0,32158.0,26415.0,24764.0,29673.75,24150.0625,24498.825,-634.0,3329.0,0.979129633287247,1.12602687866742,745.0,711.9375,648.55,257750.0,237000.0,202325.0,2477.75,2300.5625,2217.05,5.2125,5.76545454545455,5.76545454545455,730.5,703.375,670.382,32068.75,29420.0,25696.95,0,0
2003-03-31,2003,Q1,36481.0,842.0,298000.0,2684,5.75,746.0,32161,5.11860174781522,3.6222509702458,2.79255319148937,2.03527815468114,2.64623955431755,1.59420289855072,2.77408046768347,0.944578695266868,1.31733468432777,0.829697778756433,0.976011415928246,1.29711082363087,1.36882957717709,33431.0,29744.0,30378.0,32158.0,26134.0,31427.75,24691.75,24868.375,3687.0,1273.0,1.12395777299623,1.03958579513651,765.75,718.875,656.65,266750.0,240812.5,206150.0,2567.5,2347.125,2245.575,5.4,5.76416666666667,5.76416666666667,735.5,707.3125,673.70125,32486.0,29861.1875,26072.525,0,0
2003-06-30,2003,Q2,37573.0,871.0,312000.0,3032,5.49,745.0,33390,3.44418052256532,5.11860174781522,3.6222509702458,2.79255319148937,2.03527815468114,0.570613409415111,3.39217101605788,1.1648536233459,1.42433536743615,1.49635077756942,3.08332359313408,1.41309969680756,2.51493965875988,36481.0,33431.0,29744.0,30378.0,24271.0,32508.5,25338.4375,25281.325,3050.0,6103.0,1.09123268822351,1.20090196852986,792.0,727.6875,665.675,277500.0,245500.0,210325.0,2717.25,2391.8125,2273.8,5.6425,5.76307692307692,5.76307692307692,740.0,711.5625,677.0855,32768.75,30253.5,26399.1,0,0
2003-09-30,2003,Q3,39910.0,938.0,339000.0,3280,5.06,748.0,34916,7.69230769230769,3.44418052256532,5.11860174781522,3.6222509702458,2.79255319148937,0.141843971631195,3.74439660802893,1.34445156791779,1.50524237530277,-1.6744212252499,0.651627331075955,0.67287526794508,1.23334464427101,37573.0,36481.0,33431.0,29744.0,23207.0,34307.25,26169.8125,25709.65,1092.0,7829.0,1.02993338998383,1.26321274878967,821.75,738.0625,675.4,290500.0,250875.0,214800.0,2868.75,2438.5625,2302.425,5.6825,5.74357142857143,5.74357142857143,742.5,715.6875,680.357,33452.25,30640.3125,26752.15,0,0
2003-12-31,2003,Q4,39551.0,1000.0,370000.0,3270,5.0,753.0,38088,6.60980810234542,7.69230769230769,3.44418052256532,5.11860174781522,3.6222509702458,-0.141643059490082,4.96933523323351,1.81635555046007,1.65086956968515,4.24812716974237,4.07005672206189,2.23342175066313,2.12362637362637,39910.0,37573.0,36481.0,33431.0,22042.0,36848.75,27213.75,26109.975,2337.0,6479.0,1.06219891943683,1.19380215967216,863.0,752.5625,686.575,307750.0,257875.0,219875.0,2973.5,2491.125,2334.95,5.5125,5.698,5.698,745.25,719.875,683.65,33973.75,31105.6875,27131.1,0,0
2004-03-31,2004,Q1,36844.0,1041.0,387000.0,2882,5.18,758.0,35558,4.09999999999999,6.60980810234542,7.69230769230769,3.44418052256532,5.11860174781522,0.0,5.71622451625841,2.23832124807479,1.75501497590978,-1.08249958996227,1.49120635453019,0.859275053304905,1.29133080243383,39551.0,39910.0,37573.0,36481.0,22912.0,38378.75,28308.0625,26461.025,-359.0,3070.0,0.991004760711601,1.0841533949179,912.75,771.0,699.0,329750.0,266812.5,225625.0,3066.5,2537.6875,2364.45,5.325,5.654375,5.654375,748.0,724.3125,687.025,34638.75,31577.75,27535.725,0,0
2004-06-30,2004,Q2,34243.0,1066.0,396000.0,3373,5.49,763.0,36330,2.40153698366954,4.09999999999999,6.60980810234542,7.69230769230769,3.44418052256532,-0.992907801418441,5.4615740793046,2.49457124807479,1.77302193416027,-2.50980810234542,0.655819477434672,0.620290322580644,1.19041379310345,36844.0,39551.0,39910.0,37573.0,19752.0,38469.5,29178.8125,26635.55,-2707.0,-729.0,0.931556724229476,0.980597769675033,962.5,792.0,712.025,352000.0,276687.5,231600.0,3116.0,2548.6875,2391.675,5.1825,5.64625,5.62647058823529,751.0,728.6875,690.5,35488.0,32084.0625,27913.625,0,0
2004-09-30,2004,Q3,30211.0,1091.0,413000.0,3296,5.98,767.0,38722,2.34521575984992,2.40153698366954,4.09999999999999,6.60980810234542,7.69230769230769,-0.143266475644699,5.20091319458066,2.70672404714278,1.75613728182894,-1.69846301633045,-5.29077070863815,0.585740727724279,0.31219980787704,34243.0,36844.0,39551.0,39910.0,18464.0,37637.0,30084.5,26796.35,-2601.0,-5667.0,0.929405059168386,0.858005512402907,1011.25,815.0,725.275,373000.0,287125.0,237650.0,3201.25,2615.875,2419.15,5.1825,5.60125,5.61888888888889,755.5,733.0625,694.05,36223.0,32600.4375,28299.725,0,0
2004-12-31,2004,Q4,33759.0,1125.0,428790.0,3184,6.43,774.0,41437,3.11640696608615,2.34521575984992,2.40153698366954,4.09999999999999,6.60980810234542,0.0,3.86414021146622,2.8622541868612,1.73081245194459,-0.056321223819622,-4.2645923424955,0.976547842401509,0.354808448828907,30211.0,34243.0,36844.0,39551.0,18382.0,35212.25,30818.6875,26883.55,-4032.0,-9340.0,0.882253307245276,0.763849207352532,1049.5,839.625,738.7,391500.0,298437.5,243975.0,3205.25,2672.75,2444.775,5.4125,5.56875,5.63789473684211,760.25,737.1875,697.5,37174.5,33220.5625,28733.125,0,0
2005-03-31,2005,Q1,36485.0,1180.0,452266.0,2910,6.56,779.0,37626,4.8888888888889,3.11640696608615,2.34521575984992,2.40153698366954,4.09999999999999,0.573888091822106,2.9907899274014,3.05702962224158,1.72749518927364,0.771191206236232,-0.983593033913843,1.32883593033913,0.760099260021013,33759.0,30211.0,34243.0,36844.0,22747.0,33764.25,31779.75,27120.025,3548.0,-3085.0,1.11744066730661,0.916268591900988,1080.75,866.375,752.525,406197.5,310736.875,250594.75,3183.75,2740.5625,2468.175,5.77,5.564375,5.6775,765.5,741.25,700.975,38011.75,33846.0625,29176.45,0,0
2005-06-30,2005,Q2,32755.0,1214.0,467792.0,3113,6.75,784.0,39762,2.8813559322034,4.8888888888889,3.11640696608615,2.34521575984992,2.40153698366954,-0.142653352353783,3.18801214962363,3.32671717205826,1.81912300590145,1.77248192280275,2.48735190521936,1.56875816993465,2.03573333333335,36485.0,33759.0,30211.0,34243.0,22587.0,33674.5,32638.375,27446.35,2726.0,2242.0,1.08074883734708,1.06547323540578,1115.5,896.3125,767.55,422514.0,324253.5,257701.4,3190.75,2806.9375,2490.6,6.115,5.57125,5.71952380952381,770.75,745.625,704.35,38528.75,34449.0,29570.2,0,0
2005-09-30,2005,Q3,32454.0,1251.0,484380.0,3072,6.75,792.0,41624,3.04777594728172,2.8813559322034,4.8888888888889,3.11640696608615,2.34521575984992,0.857142857142867,3.30796688675709,3.51571775234308,1.86525016845524,-2.0075329566855,0.536140172353483,0.589368258859785,1.22861016949152,32755.0,36485.0,33759.0,30211.0,22444.0,33302.5,33273.875,27652.475,-3730.0,2544.0,0.897766205289845,1.08420773890305,1152.5,928.4375,783.275,440462.0,338615.5,265096.2,3125.75,2871.375,2509.4,6.43,5.62375,5.76636363636364,776.0,749.9375,707.7,39386.75,35103.3125,29997.9,0,0
2005-12-31,2005,Q4,31106.0,1300.0,505745.0,3111,6.99,799.0,43698,3.91686650679457,3.04777594728172,2.8813559322034,4.8888888888889,3.11640696608615,1.69971671388103,3.48360693361504,3.65263232047676,1.88161550730823,0.166420015078317,-0.0686310188044326,1.05775753464483,0.977977517201283,32454.0,32755.0,36485.0,33759.0,26415.0,33863.25,33899.5,27809.175,-301.0,-1305.0,0.990810563272783,0.961343641695548,1192.5,962.5,799.575,458307.0,353826.75,272780.7,3069.75,2931.5625,2532.575,6.6225,5.69,5.80913043478261,782.25,754.5625,711.225,40112.25,35832.3125,30464.95,0,0
2006-03-31,2006,Q1,30857.0,1324.0,519529.0,2835,7.25,805.0,40215,1.84615384615385,3.91686650679457,3.04777594728172,2.8813559322034,4.8888888888889,2.64623955431755,3.68372181879215,3.79120418253386,1.88771747047892,0.869090559512853,-0.972022382094329,1.28515565925638,0.80117724002616,31106.0,32454.0,32755.0,36485.0,32158.0,33200.0,34192.6875,27904.225,-1348.0,-5379.0,0.958464287915203,0.852569549129779,1236.25,998.875,816.55,477545.75,370060.8125,280849.325,3051.5,2967.3125,2553.225,6.7625,5.814375,5.85833333333333,788.5,759.375,714.85,40677.5,36453.5,30926.075,0,0
2006-06-30,2006,Q2,31992.0,1337.0,525206.0,2892,7.25,815.0,40890,0.981873111782483,1.84615384615385,3.91686650679457,3.04777594728172,2.8813559322034,2.03527815468114,2.92303805810838,3.74119882577362,1.80504683998221,-2.07071266064072,-1.03520208604955,0.47133437990581,0.640723981900453,30857.0,31106.0,32454.0,32755.0,30378.0,31793.0,34111.375,27810.65,-249.0,-1898.0,0.991995113482929,0.942054648145321,1272.25,1035.5625,833.325,494361.5,386593.875,289037.55,3032.75,3014.1875,2571.9,6.935,5.96875,5.914,795.0,764.1875,718.525,41324.75,37027.5625,31341.85,0,0
2006-09-30,2006,Q3,31582.0,1370.0,538479.0,3108,7.25,820.0,42525,2.4682124158564,0.981873111782483,1.84615384615385,3.91686650679457,3.04777594728172,2.79255319148937,2.44816735300316,3.67536101059246,1.79130882857309,-0.86428073437137,-2.06590283549923,0.531847935548843,0.322160529109171,31992.0,30857.0,31106.0,32454.0,29744.0,31602.25,34212.25,27983.25,1135.0,-462.0,1.03678257769712,0.985764466629691,1303.0,1072.125,850.175,508715.0,403169.25,297267.7,2977.5,3043.3125,2584.725,7.06,6.08875,5.96538461538462,802.75,769.1875,722.325,41606.75,37667.1875,31759.65,0,0
2006-12-31,2006,Q4,34454.0,1418.0,559174.0,3167,7.25,820.0,46526,3.50364963503649,2.4682124158564,0.981873111782483,1.84615384615385,3.91686650679457,3.6222509702458,2.30327647014683,3.6550897121154,1.85678487803436,1.48633930407391,-1.44865409093817,2.51377941430296,0.630149741272724,31582.0,31992.0,30857.0,31106.0,33431.0,31384.25,34327.125,28200.45,-410.0,476.0,0.987184296074018,1.01530251398444,1332.75,1109.4375,867.875,522239.75,419949.1875,305804.675,2986.5,3058.75,2606.9,7.185,6.183125,6.01296296296296,809.75,774.375,726.175,41832.0,38273.125,32206.0,0,0
2007-03-31,2007,Q1,35820.0,1479.0,586557.0,2835,7.32,826.0,42726,4.30183356840621,3.50364963503649,2.4682124158564,0.981873111782483,1.84615384615385,5.11860174781522,2.19997225220731,3.64767712866482,1.87640028809456,1.03543721918009,1.65749578888263,1.41950895819509,1.89781021897809,34454.0,31582.0,31992.0,30857.0,36481.0,32221.25,34391.0625,28400.9,2872.0,3597.0,1.09093787600532,1.1165699841203,1362.25,1148.0,886.325,535597.0,437272.5625,314759.025,3000.5,3075.5625,2625.2,7.25,6.276875,6.05714285714286,815.0,779.25,729.925,42539.0,38966.75,32706.15,0,0
2007-06-30,2007,Q2,31288.0,1520.0,605005.0,3095,7.76,832.0,44384,2.77214334009466,4.30183356840621,3.50364963503649,2.4682124158564,0.981873111782483,3.44418052256532,2.81389218277039,3.59662911745175,1.92512259789295,0.798183933369723,3.31996045662373,1.22781499764928,4.38125203428445,35820.0,34454.0,31582.0,31992.0,37573.0,33462.0,34349.75,28568.325,1366.0,3828.0,1.03964706565275,1.11965491372843,1401.0,1187.8125,905.9,552354.0,455307.375,324197.95,3000.5,3085.0,2639.05,7.2675,6.375,6.10068965517241,820.25,784.25,733.825,43166.75,39627.0625,33170.975,0,0
2007-09-30,2007,Q3,24197.0,1526.0,610834.0,3240,8.18,834.0,46633,0.39473684210527,2.77214334009466,4.30183356840621,3.50364963503649,2.4682124158564,7.69230769230769,3.26145973984844,3.55462679354734,1.97287445725739,-1.52969022831155,0.30393092423826,0.644409714140036,1.12313807445653,31288.0,35820.0,34454.0,31582.0,39910.0,33286.0,33956.9375,28671.875,-4532.0,-294.0,0.873478503629257,0.990690899879678,1446.75,1228.375,926.35,572303.75,473620.1875,333948.075,3051.25,3088.9375,2654.275,7.395,6.516875,6.156,824.5,789.6875,737.875,44040.25,40314.1875,33638.225,0,0
2007-12-31,2007,Q4,25132.0,1531.0,613678.0,3214,8.25,847.0,49708,0.327653997378774,0.39473684210527,2.77214334009466,4.30183356840621,3.50364963503649,6.60980810234542,2.74309084641066,3.09852861540968,1.96849786406501,-2.37740649798939,-3.10891279293122,0.142394094993584,0.112664473684213,24197.0,31288.0,35820.0,34454.0,39551.0,31439.75,32974.875,28647.1,-7091.0,-10257.0,0.773363589874712,0.702298717130087,1485.75,1265.125,946.85,590392.5,490609.8125,343768.925,3084.25,3086.4375,2672.575,7.6275,6.711875,6.22129032258065,828.0,795.0625,741.9,45067.25,41046.5,34170.35,0,0
2008-03-31,2008,Q1,20370.0,1521.0,615796.0,2684,8.25,854.0,45723,-0.65316786414108,0.327653997378774,0.39473684210527,2.77214334009466,4.30183356840621,4.09999999999999,1.94909193699623,2.70589398384927,1.94481952561421,-0.0670828447264959,-3.97417957102744,0.830056793359547,0.0761661259480493,25132.0,24197.0,31288.0,35820.0,36844.0,29109.25,32073.6875,28665.65,935.0,-10688.0,1.03864115386205,0.701619207146845,1514.0,1298.3125,967.25,604018.5,505839.6875,353585.875,3096.0,3082.9375,2689.65,7.8775,6.915,6.2846875,834.75,800.9375,746.175,45862.75,41772.75,34730.975,0,0
2008-06-30,2008,Q2,16141.0,1453.0,591589.0,2634,8.25,865.0,47012,-4.47074293228139,-0.65316786414108,0.327653997378774,0.39473684210527,2.77214334009466,2.40153698366954,0.710341578859405,2.40882099234045,1.9494693499897,-0.980821861519854,-3.42531120423574,-1.99346832135854,-0.235618358796258,20370.0,25132.0,24197.0,31288.0,34243.0,25246.75,31044.0625,28645.825,-4762.0,-10918.0,0.810520452013369,0.651048325236512,1524.5,1328.3125,987.55,611328.25,520139.4375,363480.775,3058.25,3070.5625,2705.075,8.11,7.106875,6.34424242424242,841.75,806.9375,750.55,46612.0,42408.0625,35248.35,0,0
2008-09-30,2008,Q3,15864.0,1423.0,581549.0,2590,7.96,876.0,47866,-2.06469373709567,-4.47074293228139,-0.65316786414108,0.327653997378774,0.39473684210527,2.34521575984992,-1.10037998923461,1.97930349759352,1.91174873154867,-3.81757506814031,-4.86547977438666,6.84470742932286,-11.3258820951127,16141.0,20370.0,25132.0,24197.0,30211.0,21460.0,29912.6875,28590.025,-4229.0,-8056.0,0.792390770741286,0.667066165227094,1507.75,1352.5,1006.675,607974.25,532363.75,372820.5,2943.0,3024.375,2715.85,8.2325,7.279375,6.40029411764706,850.0,813.3125,755.15,47269.0,43075.6875,35779.7,0,0
2008-12-31,2008,Q4,15603.0,1395.0,568348.0,2295,6.33,875.0,50622,-1.96767392832045,-2.06469373709567,-4.47074293228139,-0.65316786414108,0.327653997378774,3.11640696608615,-1.71523763403484,1.70368415403442,1.90010231835384,2.40604919518572,-2.39234773447444,0.461823407959193,-6.30144528561587,15864.0,16141.0,20370.0,25132.0,33759.0,19376.75,29016.0,28472.525,-277.0,-9268.0,0.982838733659625,0.631227120802165,1482.0,1373.25,1025.325,600653.0,542898.0625,381884.225,2780.5,2980.25,2730.2,8.1775,7.403125,6.44485714285714,860.5,820.125,759.95,47577.25,43647.1875,36341.7,0,0
2009-03-31,2009,Q1,19174.0,1383.0,568231.0,2143,3.83,878.0,44816,-0.860215053763436,-1.96767392832045,-2.06469373709567,-4.47074293228139,-0.65316786414108,4.8888888888889,-2.28906961545965,1.38592909813401,1.80290456172633,0.0970198087752228,-1.31450606417937,0.953010072616534,3.01250878425862,15603.0,15864.0,16141.0,20370.0,36485.0,16994.5,27881.25,28243.5,-261.0,-4767.0,0.983547655068079,0.765979381443299,1448.0,1390.125,1042.95,589320.5,551620.4375,390567.925,2550.75,2924.6875,2733.75,7.6975,7.396875,6.44166666666667,867.5,826.4375,764.85,47805.75,44221.25,36898.025,0,0
2009-06-30,2009,Q2,22011.0,1407.0,578039.0,2198,2.65,882.0,45165,1.73535791757049,-0.860215053763436,-1.96767392832045,-2.06469373709567,-4.47074293228139,2.8813559322034,-2.34083141286524,1.02661010171824,1.74154411291848,1.10745887455701,3.61052787851796,0.437173579109061,0.192409867172674,19174.0,15603.0,15864.0,16141.0,32755.0,16695.5,26799.3125,28069.5,3571.0,3033.0,1.22886624367109,1.18790657332259,1413.5,1402.8125,1060.0,577429.25,558868.25,399198.7,2415.5,2876.75,2738.1,6.5925,7.22625,6.37108108108108,873.5,832.625,769.85,47579.0,44670.625,37371.325,0,0
2009-09-30,2009,Q3,22160.0,1438.0,594447.0,2222,2.5,890.0,46887,2.20326936744848,1.73535791757049,-0.860215053763436,-1.96767392832045,-2.06469373709567,3.04777594728172,-0.789306200402265,0.954985225803681,1.77066272562236,2.59557297133393,3.80005165466616,-2.01735357917571,-0.840491684743306,22011.0,19174.0,15603.0,15864.0,32454.0,18163.0,26127.8125,28013.0,2837.0,6147.0,1.14796078022322,1.3874810892587,1402.0,1414.875,1077.55,574041.75,565758.6875,407999.675,2306.5,2819.5625,2735.95,5.1925,6.97,6.27315789473684,877.75,838.75,774.925,47117.25,45008.3125,37820.425,0,0
2009-12-31,2009,Q4,21019.0,1468.0,605894.0,2340,2.5,893.0,51062,2.08623087621698,2.20326936744848,1.73535791757049,-0.860215053763436,-1.96767392832045,3.91686650679457,0.277684575733772,0.902203564564103,1.82219836051779,0.467911449877989,4.17094329576893,1.26963397299219,-1.119732967814,22160.0,22011.0,19174.0,15603.0,31106.0,19737.0,25484.4375,27986.825,149.0,6557.0,1.00676934260143,1.42023969749407,1405.75,1426.5625,1095.85,577266.25,572637.875,417185.85,2214.5,2766.4375,2730.525,3.8275,6.704375,6.17641025641026,881.25,844.875,780.15,46872.5,45337.25,38305.85,0,0
2010-03-31,2010,Q1,18662.0,1469.0,608658.0,2082,2.5,896.0,47145,0.0681198910081671,2.08623087621698,2.20326936744848,1.73535791757049,-0.860215053763436,1.84615384615385,1.29116077686813,0.787788837653004,1.87789520891047,-0.117038491231503,2.94644592998041,0.946879626721702,-2.42524339360225,21019.0,22160.0,22011.0,19174.0,30857.0,21091.0,24854.0,27961.25,-1141.0,1845.0,0.94851083032491,1.09622405340565,1424.0,1437.0625,1114.925,586652.75,578897.1875,426658.2,2225.75,2718.25,2725.9,2.87,6.42375,6.0845,885.75,850.75,785.425,46982.5,45797.5,38819.025,0,0
2010-06-30,2010,Q2,17665.0,1455.0,603335.0,2403,2.56,897.0,47070,-0.953029271613337,0.0681198910081671,2.08623087621698,2.20326936744848,1.73535791757049,0.981873111782483,1.52324451306103,0.676661715456398,1.87959820618567,-2.01811098520881,-1.66723802656232,0.0326521344232479,0.0392540871934565,18662.0,21019.0,22160.0,22011.0,31992.0,20963.0,24091.8125,27855.0,-2357.0,-3349.0,0.887863361720348,0.847848802871292,1445.5,1446.125,1134.025,596759.5,584467.75,436149.65,2210.5,2671.1875,2710.3,2.5375,6.126875,6.01425,890.25,856.4375,790.625,47564.75,46230.625,39311.225,0,0
2010-09-30,2010,Q3,15677.0,1445.0,600851.0,2328,2.92,904.0,49272,-0.687285223367695,-0.953029271613337,0.0681198910081671,2.08623087621698,2.20326936744848,2.4682124158564,0.851147715765072,0.555730316494159,1.8805951694308,-1.0211491626215,-3.15629863906182,-13.9904697072853,-0.432552317793536,17665.0,18662.0,21019.0,22160.0,31582.0,19876.5,23196.375,27802.825,-997.0,-4495.0,0.94657592969671,0.797157039711191,1457.5,1453.5,1152.95,603083.5,589350.8125,445508.025,2261.75,2640.625,2712.925,2.515,5.83375,5.923,894.0,861.5625,795.725,48041.0,46616.875,39786.275,0,0
2010-12-31,2010,Q4,16327.0,1444.0,601793.0,2215,3.0,929.0,53839,-0.069204152249136,-0.687285223367695,-0.953029271613337,0.0681198910081671,2.08623087621698,3.50364963503649,0.128509068061028,0.358511714042654,1.86699470073773,0.265744048245642,-2.77351609958467,0.721158566519393,-0.32943871706758,15677.0,17665.0,18662.0,21019.0,34454.0,18255.75,22202.3125,27733.15,-1988.0,-5342.0,0.887461081234079,0.745848993767544,1459.25,1458.1875,1171.65,604684.5,593249.0625,454729.3,2288.25,2591.875,2711.475,2.62,5.563125,5.8335,897.5,866.8125,800.8,48637.25,47038.5625,40298.075,0,0
2011-03-31,2011,Q1,17161.0,1447.0,605236.0,2074,2.87,935.0,49006,0.207756232686984,-0.069204152249136,-0.687285223367695,-0.953029271613337,0.0681198910081671,4.30183356840621,-0.4103496890555,0.135208352337302,1.8652645969315,0.618081071118559,-0.137324043257303,0.100692041522493,-1.01591695501743,16327.0,15677.0,17665.0,18662.0,35820.0,17082.75,21069.375,27681.775,650.0,-2335.0,1.04146201441602,0.87487943414425,1453.25,1459.8125,1190.325,603659.25,595912.75,463974.125,2257.0,2532.375,2714.375,2.745,5.2975,5.746,906.5,873.625,806.3,49331.5,47495.625,40858.325,0,0
2011-06-30,2011,Q2,19193.0,1452.0,602427.0,2155,2.5,944.0,49700,0.345542501727714,0.207756232686984,-0.069204152249136,-0.687285223367695,-0.953029271613337,2.77214334009466,-0.375440603635796,-0.120671481145149,1.85611130045312,0.27696038493612,1.16078550430032,-3.00207756232688,-0.217995647012272,17161.0,16327.0,15677.0,17665.0,31288.0,16707.5,19903.1875,27542.125,834.0,-504.0,1.05108103142035,0.971469006510048,1447.75,1457.8125,1208.975,602803.75,597080.1875,473205.025,2255.0,2484.8125,2720.025,2.8375,5.019375,5.6565,916.25,880.4375,811.95,49796.75,47888.125,41384.0,0,0
2011-09-30,2011,Q3,18822.0,1474.0,613309.0,2300,2.5,945.0,52534,1.51515151515151,0.345542501727714,0.207756232686984,-0.069204152249136,-0.687285223367695,0.39473684210527,-0.0507976603005333,-0.272334033543083,1.86831619680516,0.137786269040729,1.03282772509541,1.66321124164937,-0.502764340013825,19193.0,17161.0,16327.0,15677.0,24197.0,17089.5,19147.25,27457.275,2032.0,3516.0,1.11840801818076,1.22427760413344,1447.0,1453.5625,1227.775,602576.75,596919.0625,482315.7,2193.0,2426.0625,2721.85,2.8225,4.690625,5.57125,928.0,887.4375,817.675,50454.25,48220.375,41894.175,0,0
2011-12-31,2011,Q4,20490.0,1477.0,614603.0,2475,2.5,946.0,55672,0.203527815468107,1.51515151515151,0.345542501727714,0.207756232686984,-0.069204152249136,0.327653997378774,0.499811524329269,-0.202308116477693,1.88476641325537,1.1696090134238,1.58435566740065,4.38484848484847,-21.893939393939,18822.0,19193.0,17161.0,16327.0,25132.0,17875.75,18811.3125,27366.725,-371.0,2495.0,0.980670035950607,1.15281435658725,1454.25,1450.3125,1246.975,605691.25,597073.75,491623.425,2186.0,2367.3125,2726.625,2.7175,4.335625,5.4915,938.25,894.375,823.35,51269.75,48589.1875,42458.525,0,0
2012-03-31,2012,Q1,22756.0,1493.0,620637.0,2335,2.5,950.0,52064,1.08327691266079,0.203527815468107,1.51515151515151,0.345542501727714,0.207756232686984,-0.65316786414108,0.56799451625858,-0.21006600284711,1.84736169079505,-1.31162369968341,-0.00422841721887668,0.134328358208951,0.979647218453141,20490.0,18822.0,19193.0,17161.0,20370.0,18916.5,18521.1875,27218.6,1668.0,3329.0,1.08861970035065,1.19398636443098,1462.5,1446.9375,1265.95,608893.75,597131.5625,500838.5,2251.0,2321.125,2725.025,2.5925,3.97625,5.429,942.5,900.5625,828.95,51728.0,48961.9375,43006.35,0,0
2012-06-30,2012,Q2,23445.0,1510.0,629749.0,2525,2.5,953.0,52373,1.13864701942399,1.08327691266079,0.203527815468107,1.51515151515151,0.345542501727714,-4.47074293228139,0.786874686252031,-0.101538204296993,1.80828762475363,0.879749097192684,0.737734410933077,5.32250056420686,3.13500338524032,22756.0,20490.0,18822.0,19193.0,16141.0,20315.25,18670.3125,26983.55,2266.0,3563.0,1.11059053196681,1.18564059813474,1474.0,1445.1875,1284.85,612744.0,597434.125,509979.425,2316.25,2299.3125,2731.275,2.5,3.616875,5.372,946.25,906.5625,834.5,52492.5,49358.25,43532.2,0,0
2012-09-30,2012,Q3,22105.0,1541.0,642153.0,2624,2.5,953.0,53657,2.05298013245032,1.13864701942399,1.08327691266079,0.203527815468107,1.51515151515151,-2.06469373709567,0.9851508156761,0.249048667684593,1.7858718463722,0.0553701067631973,-0.376504495727525,1.05111352980578,0.751507032819833,23445.0,22756.0,20490.0,18822.0,15864.0,21378.25,19126.8125,26810.225,689.0,4623.0,1.03027772895061,1.24561683136755,1488.5,1448.75,1303.8,619574.5,599819.125,519223.15,2408.75,2292.5,2733.75,2.5,3.2575,5.30125,948.5,912.0625,839.95,53160.75,49693.3125,44075.125,0,0
2012-12-31,2012,Q4,24593.0,1572.0,655468.0,2886,2.5,955.0,57262,2.01168072680078,2.05298013245032,1.13864701942399,1.08327691266079,0.203527815468107,-1.96767392832045,1.1196079700008,0.506403284531218,1.76738251989623,0.914333113026333,1.84945231698221,1.80299961044018,10.0869757174396,22105.0,23445.0,22756.0,20490.0,15603.0,22199.0,19516.875,26619.25,-1340.0,1615.0,0.942844956280657,1.07881893606637,1505.25,1456.125,1323.0,626785.5,603606.875,528526.975,2489.75,2294.625,2727.825,2.5,2.91625,5.22025,950.5,916.875,845.35,53441.5,50055.25,44595.8,0,0
2013-03-31,2013,Q1,24777.0,1609.0,671586.0,2860,2.5,958.0,53121,2.35368956743003,2.01168072680078,2.05298013245032,1.13864701942399,1.08327691266079,-0.860215053763436,1.57164619783397,0.755112950476294,1.7271182638101,-0.0412994056495419,0.928403814139989,0.979883192731997,1.85703277092798,24593.0,22105.0,23445.0,22756.0,19174.0,23224.75,20078.75,26398.3,2488.0,1837.0,1.11255372087763,1.08072596238355,1529.0,1467.1875,1342.275,637001.75,609051.875,537863.675,2592.5,2331.5625,2727.525,2.5,2.676875,5.139,952.75,921.875,850.675,53839.0,50470.25,45141.65,0,0
2013-06-30,2013,Q2,25385.0,1645.0,688836.0,3012,2.5,959.0,53921,2.23741454319453,2.35368956743003,2.01168072680078,2.05298013245032,1.13864701942399,1.73535791757049,1.88924936152628,0.955981989300886,1.65799545930047,0.342008840629249,1.21504254800604,1.17001149142247,2.06709324951353,24777.0,24593.0,22105.0,23445.0,22011.0,23730.0,20428.9375,26105.7,184.0,1332.0,1.0074818037653,1.05681381957774,1558.0,1481.3125,1361.45,649739.0,615511.5625,547203.325,2723.75,2376.375,2731.925,2.5,2.59375,5.05775,954.75,926.875,855.975,54103.25,50989.3125,45665.65,0,0
2013-09-30,2013,Q3,24650.0,1697.0,708146.0,3094,2.5,966.0,57667,3.16109422492401,2.23741454319453,2.35368956743003,2.01168072680078,2.05298013245032,2.20326936744848,2.16394124246891,0.987360528402388,1.6278263098162,-0.116275024235502,0.184434410744205,0.950598827541025,1.08983740652379,25385.0,24777.0,24593.0,22105.0,22160.0,24215.0,20639.8125,25801.0,608.0,3280.0,1.02453888687089,1.14838271884189,1591.75,1496.1875,1380.8,664510.75,622436.375,556624.225,2845.5,2427.25,2731.425,2.5,2.584375,4.983,956.25,931.6875,861.325,54490.25,51536.5625,46178.925,0,0
2013-12-31,2013,Q4,23279.0,1715.0,718719.0,3241,2.5,970.0,61347,1.06069534472599,3.16109422492401,2.23741454319453,2.35368956743003,2.01168072680078,2.08623087621698,2.44096976558734,1.04722458199461,1.51454597313161,0.923679681729483,1.14941349812323,1.41283350219521,1.57136974213158,24650.0,25385.0,24777.0,24593.0,21019.0,24851.25,20795.4375,25419.5,-735.0,57.0,0.971045893244042,1.00231773268816,1630.75,1512.375,1399.775,681009.0,629542.5625,565852.875,2963.0,2481.75,2726.775,2.5,2.584375,4.919,959.5,936.4375,866.775,55492.75,52210.3125,46747.7,0,0
2014-03-31,2014,Q1,22417.0,1734.0,724665.0,3205,2.55,973.0,56239,1.10787172011662,1.06069534472599,3.16109422492401,2.23741454319453,2.35368956743003,0.0681198910081671,2.20322342006864,0.983128611276422,1.37581815419112,-2.10039888019802,-1.29299422270404,0.335546892706588,0.4506521842998,23279.0,24650.0,25385.0,24777.0,18662.0,24522.75,20936.6875,25012.7,-1371.0,-1498.0,0.944381338742393,0.939540703071397,1666.5,1527.8125,1417.65,696821.75,636594.125,574570.85,3051.75,2538.0625,2726.05,2.5,2.584375,4.8565,963.25,941.25,872.2,56514.0,52853.125,47329.175,0,0
2014-06-30,2014,Q2,21939.0,1749.0,735586.0,3343,2.99,975.0,57630,0.865051903114189,1.10787172011662,1.06069534472599,3.16109422492401,2.23741454319453,-0.953029271613337,1.89176895824029,1.0481131005957,1.30101494719404,0.0471763753906229,-1.12954282307791,1.04447683835438,0.495157110463233,22417.0,23279.0,24650.0,25385.0,17665.0,23932.75,21171.375,24652.025,-862.0,-2968.0,0.962970917994759,0.883080559385464,1697.75,1544.375,1434.975,710091.5,643844.5625,583012.475,3138.0,2608.25,2734.125,2.5125,2.5875,4.79075,967.0,946.0625,877.575,57293.5,53421.5,47846.2,0,0
2014-09-30,2014,Q3,21438.0,1778.0,744959.0,3403,3.44,976.0,60549,1.65809033733562,0.865051903114189,1.10787172011662,1.06069534472599,3.16109422492401,-0.687285223367695,1.5486782982202,1.16174317401617,1.26260282018016,-0.242819817002426,-2.29604232180982,0.780823165179388,0.27365584242747,21939.0,22417.0,23279.0,24650.0,15677.0,23071.25,21438.5,24344.425,-478.0,-2711.0,0.978676896997814,0.890020283975659,1723.75,1562.75,1452.05,721779.0,652110.25,591502.125,3220.75,2667.0,2733.375,2.635,2.614375,4.72825,971.0,950.9375,882.875,58220.75,54081.5,48378.7,0,0
2014-12-31,2014,Q4,26605.0,1835.0,767986.0,3466,3.5,978.0,63972,3.2058492688414,1.65809033733562,0.865051903114189,1.10787172011662,1.06069534472599,-0.069204152249136,1.1729273263231,1.30832914656013,1.2454246846173,0.793038434221427,0.597394992609623,1.91675242995997,1.56321072358807,21438.0,21939.0,22417.0,23279.0,16327.0,22268.25,21798.5625,24125.1,-501.0,-1841.0,0.977163954601395,0.92091584690064,1744.0,1583.5625,1469.225,730982.25,661117.0,599801.1,3298.0,2734.1875,2736.05,2.87,2.646875,4.66475,973.5,955.4375,888.1,58941.25,54786.3125,48924.375,0,0
2015-03-31,2015,Q1,26645.0,1892.0,791166.0,3373,3.5,975.0,58798,3.10626702997274,3.2058492688414,1.65809033733562,0.865051903114189,1.10787172011662,0.207756232686984,1.70921580735195,1.51301998537829,1.24766074218618,1.54775893150578,2.09797754872478,1.9334587486909,2.89370078740158,26605.0,21438.0,21939.0,22417.0,17161.0,23099.75,22440.9375,23946.25,5167.0,4188.0,1.24102061759492,1.18682250078066,1774.0,1608.0,1486.975,743299.0,671504.0625,608281.0,3354.25,2812.375,2743.1,3.12,2.678125,4.5915,975.5,958.5,893.2,59597.5,55419.625,49487.75,0,0
2015-06-30,2015,Q2,28874.0,1956.0,821359.0,3456,3.44,979.0,60810,3.38266384778012,3.10626702997274,3.2058492688414,1.65809033733562,0.865051903114189,0.345542501727714,2.20881463481599,1.69417691020865,1.20309519571328,-0.0995822388686562,2.24121512685855,0.968937329700268,3.59084468664848,26645.0,26605.0,21438.0,21939.0,19193.0,24156.75,23033.6875,23700.25,40.0,4706.0,1.00150347679008,1.2145038515885,1813.5,1635.8125,1504.775,759924.25,683124.6875,616753.5,3396.25,2893.5625,2754.675,3.3575,2.7175,4.515,976.0,961.0,898.1,60237.25,56031.625,50017.05,0,0
2015-09-30,2015,Q3,30830.0,2045.0,862341.0,3613,3.0,980.0,63351,4.55010224948875,3.38266384778012,3.10626702997274,3.2058492688414,1.65809033733562,1.51515151515151,2.83821762098247,1.88399699433692,1.21562789360269,0.276396817807378,1.7245735104445,1.08898037906606,2.04009623095429,28874.0,26645.0,26605.0,21438.0,18822.0,25890.5,23638.75,23603.225,2229.0,7436.0,1.08365547006943,1.3468607146189,1865.25,1667.3125,1523.325,781367.5,696807.9375,625592.675,3424.5,2974.875,2763.25,3.47,2.77625,4.43225,977.0,963.1875,902.975,61032.25,56726.0,50543.25,0,0
2015-12-31,2015,Q4,29026.0,2060.0,873190.0,3722,2.69,978.0,66872,0.733496332518335,4.55010224948875,3.38266384778012,3.10626702997274,3.2058492688414,0.203527815468107,3.56122059902075,2.073681415233,1.25318605115787,1.16743840170863,1.34425298064735,1.34512397750511,1.41931259641947,30830.0,28874.0,26645.0,26605.0,20490.0,28238.5,24389.25,23562.625,1956.0,4225.0,1.06774260580453,1.15880473595189,1932.0,1703.0,1543.175,810713.0,712372.4375,635041.7,3477.0,3056.9375,2776.775,3.36,2.8075,4.3385,978.0,965.375,907.675,61732.75,57402.0625,51086.425,0,0
2016-03-31,2016,Q1,29205.0,2136.0,905368.0,3751,2.44,979.0,61940,3.6893203883495,0.733496332518335,4.55010224948875,3.38266384778012,3.10626702997274,1.08327691266079,2.94313236493999,2.10680444754864,1.17360179680096,-3.81660591697042,-2.37277069745441,0.161204362517513,0.236134345644061,29026.0,30830.0,28874.0,26645.0,22756.0,28843.75,24922.75,23510.625,-1804.0,2381.0,0.941485566007136,1.08936010508538,1988.25,1739.4375,1562.175,837014.0,728534.125,644227.825,3541.0,3134.875,2792.05,3.1575,2.819375,4.231,978.0,967.375,912.15,62457.75,58102.0625,51665.775,0,0
2016-06-30,2016,Q2,31869.0,2249.0,959850.0,3986,2.25,983.0,63783,5.29026217228465,3.6893203883495,0.733496332518335,4.55010224948875,3.38266384778012,1.13864701942399,3.08889570453418,2.26968216477918,1.21968096035586,2.95582405583117,0.306656540569383,5.02977346278317,1.09065533980582,29205.0,29026.0,30830.0,28874.0,23445.0,29483.75,25325.8125,23469.325,179.0,331.0,1.00616688486185,1.01146360047101,2049.25,1779.625,1582.475,865564.5,746329.8125,653873.8,3635.5,3223.375,2814.95,2.8925,2.815625,4.11075,979.0,969.1875,916.5,63243.25,58719.3125,52208.9,0,0
2016-09-30,2016,Q3,27344.0,2333.0,1001785.0,4010,2.11,984.0,67079,3.73499333036906,5.29026217228465,3.6893203883495,0.733496332518335,4.55010224948875,2.05298013245032,3.56579528566031,2.52915811183297,1.32739068686841,1.60094178393515,0.740159922795902,1.43393948354032,1.16266885494256,31869.0,29205.0,29026.0,30830.0,22105.0,30232.5,25852.3125,23466.25,2664.0,1039.0,1.09121725731895,1.03370094064223,2122.5,1825.8125,1605.275,900187.25,766961.125,664739.9,3768.0,3314.6875,2842.3,2.595,2.8,3.98575,980.0,971.0625,920.7,63986.5,59432.4375,52781.225,0,0
2016-12-31,2016,Q4,25963.0,2355.0,1013840.0,4017,1.86,991.0,71389,0.942991855979436,3.73499333036906,5.29026217228465,3.6893203883495,0.733496332518335,2.01168072680078,3.36201805588039,2.6342839367029,1.35906020973123,-1.55526884191559,3.00149699785073,0.706012898554717,5.09204090706984,27344.0,31869.0,29205.0,29026.0,24593.0,29361.0,26179.75,23360.3,-4525.0,-1682.0,0.85801248862531,0.942051953421071,2194.5,1875.3125,1629.35,935048.25,789438.125,676322.55,3867.25,3401.3125,2864.85,2.3725,2.775625,3.85725,981.0,973.0,924.8,64918.5,60271.3125,53395.075,0,0
2017-03-31,2017,Q1,23975.0,2391.0,1030945.0,3808,1.75,1000.0,67177,1.52866242038217,0.942991855979436,3.73499333036906,5.29026217228465,3.6893203883495,2.35368956743003,3.41439193674566,2.56749088227656,1.2950437652548,-2.79200147438963,-2.74632853237007,0.25247484334497,0.255600424120743,25963.0,27344.0,31869.0,29205.0,24777.0,28595.25,26265.375,23148.025,-1381.0,-3242.0,0.949495318899941,0.888991611025509,2268.25,1924.25,1652.775,970210.75,811836.375,687689.2,3941.0,3472.0,2886.1,2.165,2.735625,3.7225,984.25,975.25,929.075,66047.75,61154.25,54016.65,0,0
2017-06-30,2017,Q2,23999.0,2395.0,1042827.0,3833,1.75,1001.0,67674,0.167294019238806,1.52866242038217,0.942991855979436,3.73499333036906,5.29026217228465,2.23741454319453,2.87422744475383,2.51592668558607,1.2257144865542,0.585670564402729,-3.76159975190249,1.6210770121598,0.288957781410292,23975.0,25963.0,27344.0,31869.0,25385.0,27287.75,26215.25,22851.9,-1988.0,-7894.0,0.923429495820976,0.752298471869215,2332.0,1973.125,1675.575,1001605.0,834296.3125,698798.9,3955.25,3531.25,2910.425,1.9925,2.68875,3.58325,989.5,977.875,933.425,67357.0,62032.75,54627.925,0,0
2017-09-30,2017,Q3,21450.0,2422.0,1051599.0,3978,1.75,1003.0,71477,1.12734864300625,0.167294019238806,1.52866242038217,0.942991855979436,3.73499333036906,3.16109422492401,1.59348540649237,2.38654415283884,1.1605932535328,-1.36136840114336,-3.56769931113026,0.109438170918719,0.0447909820557231,23999.0,23975.0,25963.0,27344.0,24650.0,25320.25,26128.625,22669.675,24.0,-3345.0,1.00100104275287,0.877669689877121,2368.5,2020.0,1697.45,1022349.25,856420.75,709744.45,3917.0,3582.5625,2928.875,1.8675,2.641875,3.433,994.0,980.5,937.65,68329.75,62892.3125,55210.175,0,0
2017-12-31,2017,Q4,23673.0,2449.0,1067373.0,3977,1.75,1007.0,77159,1.11478117258463,1.12734864300625,0.167294019238806,1.52866242038217,0.942991855979436,1.06069534472599,0.941574234651665,2.25943505396898,1.17890854855533,0.960054623767448,0.184356787026818,6.73872651357013,1.19550199278798,21450.0,23999.0,23975.0,25963.0,23279.0,23846.75,25928.625,22601.0,-2549.0,-4513.0,0.893787241135047,0.82617571158957,2390.75,2065.3125,1719.85,1034802.75,877886.5625,720763.575,3909.0,3637.8125,2947.325,1.7775,2.595,3.27225,998.75,982.8125,941.875,69429.25,63755.4375,55831.275,0,0
2018-03-31,2018,Q1,24087.0,2481.0,1079470.0,3754,1.75,1011.0,71804,1.30665577786853,1.11478117258463,1.12734864300625,0.167294019238806,1.52866242038217,1.10787172011662,0.984521563802965,2.26281541821014,1.19858672793547,-0.0125674704216205,-0.413881247797532,0.988852188274155,0.729252683732448,23673.0,21450.0,23999.0,23975.0,22417.0,23274.25,25953.25,22564.525,2223.0,-302.0,1.10363636363636,0.98740354535975,2414.25,2111.1875,1742.8,1048186.0,899677.4375,732105.95,3899.0,3683.8125,2966.4,1.75,2.548125,3.10975,1002.75,985.125,945.875,70871.75,64743.6875,56517.55,0,0
2018-06-30,2018,Q2,24963.0,2481.0,1090523.0,3800,1.75,1016.0,73389,0.0,1.30665577786853,1.11478117258463,1.12734864300625,0.167294019238806,0.865051903114189,0.929019903174555,2.27523942181964,1.24758231898571,0.191874605283893,1.13936175862972,1.17211862740652,7.8105349122094,24087.0,23673.0,21450.0,23999.0,21939.0,23302.25,26057.625,22657.45,414.0,88.0,1.01748827778482,1.00366681945081,2436.75,2157.875,1766.8,1060317.25,921852.75,743697.8,3885.5,3718.125,2993.15,1.75,2.498125,2.94725,1005.5,987.5,949.8,72028.5,65716.5,57169.575,0,0
2018-09-30,2018,Q3,22737.0,2495.0,1105095.0,3860,1.75,1022.0,76728,0.564288593309148,0.0,1.30665577786853,1.11478117258463,1.12734864300625,1.65809033733562,0.887196398364853,2.221173677875,1.35935089229275,-1.30665577786853,-1.12734864300625,0.0,0.0,24963.0,24087.0,23673.0,21450.0,21438.0,23543.25,26246.625,22878.0,876.0,3513.0,1.03636816540042,1.16377622377622,2458.25,2203.625,1792.5,1072241.25,944036.3125,756171.15,3877.25,3746.6875,3022.3,1.75,2.420625,2.78475,1009.25,990.0625,953.575,73457.25,66701.4375,57829.0,0,0
2018-12-31,2018,Q4,24705.0,2517.0,1118115.0,3937,1.75,1025.0,81249,0.881763527054114,0.564288593309148,0.0,1.30665577786853,1.11478117258463,3.2058492688414,0.746431385940577,2.15281106887335,1.42507545055287,0.564288593309148,-0.550492579275486,,0.506187767775839,22737.0,24963.0,24087.0,23673.0,26605.0,23865.0,26327.8125,23049.825,-2226.0,-936.0,0.910828025477707,0.960461285008237,2476.5,2248.4375,1819.3,1085615.25,966544.8125,769259.8,3847.75,3775.25,3054.05,1.75,2.315,2.6295,1014.0,992.9375,957.225,74770.0,67712.625,58550.55,0,0
2019-03-31,2019,Q1,22538.0,2526.0,1126956.0,3917,1.75,1026.0,75116,0.357568533969022,0.881763527054114,0.564288593309148,0.0,1.30665577786853,3.10626702997274,0.688176974557947,2.00755571001164,1.49631138693723,0.317474933744966,-0.424892250814413,1.56261093615804,0.674824649298597,24705.0,22737.0,24963.0,24087.0,26645.0,24123.0,26209.0625,23277.375,1968.0,618.0,1.08655495447948,1.02565699339893,2493.5,2291.0625,1847.35,1098300.75,988427.875,783003.975,3837.75,3804.6875,3095.1,1.75,2.205625,2.515,1018.5,995.875,960.975,75792.5,68792.4375,59316.225,0,0
2019-06-30,2019,Q2,24287.0,2518.0,1131286.0,4001,1.6,1033.0,77351,-0.31670625494854,0.357568533969022,0.881763527054114,0.564288593309148,0.0,3.38266384778012,0.450905163583071,1.83576205401141,1.52675597663054,-0.524194993085092,0.357568533969022,0.405515223751229,,22538.0,24705.0,22737.0,24963.0,28874.0,23735.75,25952.375,23361.475,-2167.0,-2425.0,0.912284962558187,0.90285622721628,2504.75,2330.6875,1875.925,1110172.25,1009414.75,796972.1,3878.5,3838.6875,3139.45,1.75,2.09625,2.463,1022.25,999.0625,964.675,76620.5,69812.3125,60073.725,0,0
2019-09-30,2019,Q3,23577.0,2565.0,1157412.0,4066,1.21,1037.0,81412,1.86656076250993,-0.31670625494854,0.357568533969022,0.881763527054114,0.564288593309148,4.55010224948875,0.371728599845936,1.60455142259087,1.47545437231757,-0.674274788917562,-0.880994848257688,-0.88572182633939,-0.561248727519521,24287.0,22538.0,24705.0,22737.0,30830.0,23566.75,25665.6875,23418.375,1749.0,1550.0,1.07760227171887,1.0681708228878,2514.0,2365.8125,1903.7,1120363.0,1028785.1875,810803.275,3928.75,3872.75,3184.525,1.7125,1.98125,2.43675,1026.5,1002.4375,968.45,77611.0,70846.125,60878.375,0,0
2019-12-31,2019,Q4,27258.0,2633.0,1188262.0,4179,1.0,1044.0,86132,2.65107212475633,1.86656076250993,-0.31670625494854,0.357568533969022,0.881763527054114,0.733496332518335,0.697296642146131,1.43683007965469,1.46703665719411,2.18326701745847,0.984797235455814,-5.89366560762501,2.11684959202829,23577.0,24287.0,22538.0,24705.0,29026.0,23776.75,25212.375,23453.8,-710.0,-1128.0,0.970766253551283,0.954341226472374,2531.5,2398.3125,1931.875,1133442.25,1047227.125,824877.4,3980.25,3901.0625,3230.625,1.5775,1.869375,2.4045,1030.25,1006.0,972.125,78782.0,71974.9375,61741.5,0,0
2020-03-31,2020,Q1,23857.0,2722.0,1227951.0,3696,0.87,1052.0,77758,3.38017470565894,2.65107212475633,1.86656076250993,-0.31670625494854,0.357568533969022,3.6893203883495,1.13962379157168,1.55667856666956,1.48115768840759,0.784511362246398,2.2935035907873,1.42029778939073,7.41416504223497,27258.0,23577.0,24287.0,22538.0,29205.0,24415.0,25101.875,23609.775,3681.0,4720.0,1.15612673368113,1.20942408376963,2560.5,2434.125,1961.0,1150979.0,1066919.125,839436.6,4040.75,3929.625,3276.6,1.39,1.76375,2.367,1035.0,1010.125,975.9,80002.75,73178.6875,62618.25,0,0
2020-06-30,2020,Q2,17878.0,2696.0,1227900.0,3110,0.25,1049.0,69891,-0.955180014695078,3.38017470565894,2.65107212475633,1.86656076250993,-0.31670625494854,5.29026217228465,1.89527533449416,1.53735696150141,1.56395905877386,0.729102580902619,3.69688096060748,1.27502178235518,-10.672901633118,23857.0,27258.0,23577.0,24287.0,31869.0,24744.75,24767.625,23739.65,-3401.0,-430.0,0.875229290483528,0.982295054967678,2609.5,2470.75,1992.325,1176227.75,1087080.5625,854918.925,3985.5,3926.1875,3316.95,1.17,1.665625,2.32625,1041.5,1014.6875,979.8,80663.25,74167.3125,63383.575,1,0
2020-09-30,2020,Q3,32168.0,2839.0,1280867.0,4341,0.25,1052.0,83300,5.30415430267062,-0.955180014695078,3.38017470565894,2.65107212475633,1.86656076250993,3.73499333036906,1.73565689455753,1.14701682481517,1.56390529019682,-4.33535472035402,-2.82174077720501,-0.282583031313724,-0.511732612128129,17878.0,23857.0,27258.0,23577.0,27344.0,23142.5,23893.1875,23744.975,-5979.0,-5699.0,0.749381732824747,0.758281375917207,2654.0,2498.6875,2023.35,1200381.25,1103833.6875,870533.05,3762.75,3871.4375,3334.625,0.8325,1.540625,2.2685,1045.5,1018.8125,983.6,78798.25,74549.0625,63954.1,1,0
2020-12-31,2020,Q4,37880.0,3081.0,1385674.0,4543,0.25,1059.0,89483,8.52412821415991,5.30415430267062,-0.955180014695078,3.38017470565894,2.65107212475633,0.942991855979436,2.5950552795977,1.24508938558402,1.71369127834777,6.25933431736569,2.65308217791429,-5.55304154302669,2.00075820387503,32168.0,17878.0,23857.0,27258.0,25963.0,25290.25,24194.6875,24157.25,14290.0,4910.0,1.79930641011299,1.18013060385942,2722.5,2530.3125,2058.2,1231245.0,1121276.3125,887533.45,3831.5,3892.125,3384.95,0.5925,1.424375,2.20175,1049.25,1023.0625,987.3,79270.25,75562.875,64804.8,0,0
2021-03-31,2021,Q1,29945.0,3379.0,1512986.0,4297,0.25,1068.0,87362,9.67218435572865,8.52412821415991,5.30415430267062,-0.955180014695078,3.38017470565894,1.52866242038217,4.0633193019486,1.7189104079703,1.928524587508,3.21997391148929,5.14395350850096,1.60706641016609,2.52180107729023,37880.0,32168.0,17878.0,23857.0,23975.0,27945.75,24939.5,24696.075,5712.0,14023.0,1.17756776921164,1.58779393888586,2834.5,2575.6875,2099.125,1280598.0,1144515.9375,907130.475,3922.5,3925.0,3443.15,0.405,1.32375,2.133,1053.0,1027.3125,990.55,80108.0,76693.75,65695.9,0,0
2021-06-30,2021,Q2,28211.0,3495.0,1591524.0,4320,0.25,1084.0,86755,3.43296833382658,9.67218435572865,8.52412821415991,5.30415430267062,-0.955180014695078,0.167294019238806,5.63632171446602,2.22788052892945,2.16513529058404,1.14805614156874,10.6273643704237,1.1346831151204,-10.1260330062667,29945.0,37880.0,32168.0,17878.0,23999.0,29467.75,25312.625,25015.675,-7935.0,12067.0,0.790522703273495,1.6749636424656,2998.75,2637.4375,2147.425,1351856.75,1174643.5,929824.225,4072.75,3955.5625,3498.725,0.25,1.23,2.0675,1057.0,1031.5625,993.875,82509.0,77955.3125,66654.8,0,1
2021-09-30,2021,Q3,22969.0,3704.0,1663058.0,4011,0.25,1104.0,90018,5.9799713876967,3.43296833382658,9.67218435572865,8.52412821415991,5.30415430267062,1.12734864300625,6.73335880159644,2.43198517359119,2.24232093638651,-6.23921602190207,-1.87118596884404,0.354932061628178,0.647222561398355,28211.0,29945.0,37880.0,32168.0,21450.0,32051.0,25575.875,25241.125,-1734.0,-3957.0,0.942093838704291,0.876989554837105,3198.5,2706.1875,2198.5,1442762.75,1208937.0625,954551.65,4375.25,3986.0,3552.85,0.25,1.13625,2.01125,1065.75,1036.75,997.375,86725.0,79147.875,67581.175,0,1
2021-12-31,2021,Q4,28244.0,3920.0,1763125.0,4358,0.58,1122.0,99922,5.83153347732182,5.9799713876967,3.43296833382658,9.67218435572865,8.52412821415991,1.11478117258463,6.90231307285296,2.73527409513434,2.35394143320014,2.54700305387012,-2.54415682646321,1.74192442405406,0.701534659903758,22969.0,28211.0,29945.0,37880.0,23673.0,29751.25,25670.8125,25344.8,-5242.0,-14911.0,0.814185955832831,0.606362196409715,3414.75,2786.3125,2254.25,1538310.5,1247153.25,980795.375,4292.75,3988.0625,3595.625,0.25,1.0425,1.955,1078.75,1043.0625,1001.35,88404.5,80306.6875,68518.275,0,1
2022-03-31,2022,Q1,19006.0,3846.0,1723371.0,4007,0.86,1142.0,95790,-1.88775510204081,5.83153347732182,5.9799713876967,3.43296833382658,9.67218435572865,1.30665577786853,6.22916438864344,3.03007111418042,2.49464157474648,-0.148437910374888,-3.84065087840684,0.97517748819329,0.60291794106136,28244.0,22969.0,28211.0,29945.0,24087.0,27342.25,25956.5,25538.65,5275.0,-1701.0,1.22965736427359,0.943195859074971,3624.5,2878.25,2315.325,1632673.25,1290637.75,1009508.425,4246.5,4011.875,3642.7,0.3325,0.969375,1.907,1094.5,1050.25,1005.75,91014.25,81729.375,69624.525,0,1
2022-06-30,2022,Q2,17814.0,3681.0,1680923.0,4078,1.63,1163.0,97710,-4.29017160686428,-1.88775510204081,5.83153347732182,5.9799713876967,3.43296833382658,0.0,3.33917952420107,2.83042043418608,2.42036577437894,-7.71928857936263,-5.32072343586739,-0.323715041572184,-0.549890042223784,19006.0,28244.0,22969.0,28211.0,24963.0,24607.5,25638.9375,25444.9,-9238.0,-9205.0,0.672921682481235,0.673708836978484,3741.25,2963.5625,2374.15,1685269.5,1330881.5625,1037076.775,4174.0,4027.6875,3684.5,0.485,0.91375,1.866,1113.0,1058.4375,1010.55,93121.25,83228.5,70717.675,0,1
2022-09-30,2022,Q3,17262.0,3548.0,1630391.0,4369,2.67,1183.0,103187,-3.61314860092367,-4.29017160686428,-1.88775510204081,5.83153347732182,5.9799713876967,0.564288593309148,1.40839453902836,2.56228470875707,2.28464530872174,-2.40241650482347,-10.270142994561,2.27263144579838,-0.717423433779458,17814.0,19006.0,28244.0,22969.0,22737.0,22008.25,25192.125,25304.125,-1192.0,-5155.0,0.937282963274755,0.775567068657756,3787.75,3038.5625,2428.425,1707619.25,1367781.5625,1063356.125,4113.5,4045.0625,3723.325,0.83,0.90625,1.84425,1132.75,1067.625,1015.8,95860.0,84748.5625,71851.1,0,1
2022-12-31,2022,Q4,16515.0,3484.0,1608367.0,4154,3.78,1203.0,110908,-1.80383314543405,-3.61314860092367,-4.29017160686428,-1.88775510204081,5.83153347732182,0.881763527054114,-0.989885458126735,2.30119488411751,2.14299209038739,0.677023005940613,-9.44468207824548,0.842192092069843,-0.619588074899132,17262.0,17814.0,19006.0,28244.0,24705.0,20581.5,24849.9375,25183.05,-552.0,-10982.0,0.969013135735938,0.611174054666478,3748.75,3104.375,2478.6,1699452.5,1400612.5625,1088062.075,4203.0,4076.875,3766.95,1.435,0.96375,1.8485,1152.5,1077.6875,1021.55,99152.25,86402.25,73089.35,0,1
2023-03-31,2023,Q1,15786.0,3382.0,1573547.0,3779,4.47,1218.0,102092,-2.9276693455798,-1.80383314543405,-3.61314860092367,-4.29017160686428,-1.88775510204081,0.357568533969022,-2.8987271138157,2.133345092087,2.04760424358152,1.80931545548961,0.0839219566067584,0.499241338973138,0.955544044608312,16515.0,17262.0,17814.0,19006.0,22538.0,17649.25,24338.0625,24981.1,-747.0,-2491.0,0.956725755995829,0.868936125434074,3639.75,3164.8125,2526.4,1660763.0,1431253.3125,1111884.55,4152.0,4090.4375,3798.65,2.235,1.090625,1.8805,1172.75,1088.8125,1027.75,101898.75,88255.9375,74430.5,0,0
2023-06-30,2023,Q2,19020.0,3349.0,1563341.0,3918,5.33,1233.0,103216,-0.975753991720874,-2.9276693455798,-1.80383314543405,-3.61314860092367,-4.29017160686428,-0.31670625494854,-3.15870567470045,1.9280177246152,1.91557027075627,-1.12383620014574,1.36250226128448,1.6230266934558,0.682413109278781,15786.0,16515.0,17262.0,17814.0,24287.0,16844.25,23916.0625,24756.325,-729.0,-2028.0,0.955858310626703,0.886156955203772,3523.75,3218.3125,2570.725,1623307.0,1459165.25,1134433.575,4095.0,4081.8125,3821.625,3.1375,1.260625,1.92975,1191.75,1100.8125,1034.25,103474.25,89941.9375,75654.775,0,0
2023-09-30,2023,Q3,19147.0,3404.0,1590955.0,4044,5.5,1250.0,108279,1.64228127799344,-0.975753991720874,-2.9276693455798,-1.80383314543405,-3.61314860092367,1.86656076250993,-2.3301012709146,1.88682724106693,1.83524105738339,1.95191535385892,2.63739460920279,0.333286951681914,0.270056424325153,19020.0,15786.0,16515.0,17262.0,23577.0,17145.75,23586.875,24597.2,3234.0,1758.0,1.20486507031547,1.10184219673271,3440.75,3270.25,2613.325,1593911.5,1486168.6875,1156296.2,4055.0,4076.625,3844.275,4.0625,1.49375,2.0005,1209.25,1113.3125,1041.1,104850.75,91558.5,76887.15,0,0
2023-12-31,2023,Q4,20880.0,3464.0,1621444.0,3939,5.5,1259.0,111763,1.76263219741482,1.64228127799344,-0.975753991720874,-2.9276693455798,-1.80383314543405,2.65107212475633,-1.01624380118532,1.87280977328465,1.79727073371012,2.61803526971431,3.44611442342749,-1.68308947944661,-0.910439683487611,19147.0,19020.0,15786.0,16515.0,27258.0,17617.0,23310.0,24459.625,127.0,2632.0,1.00667718191377,1.15937026945201,3404.75,3322.6875,2656.0,1584052.5,1513265.125,1178366.425,3973.75,4075.25,3868.025,4.77,1.761875,2.0755,1226.0,1126.625,1048.2,106123.75,93237.6875,78152.45,0,0
2024-03-31,2024,Q1,20491.0,3470.0,1630738.0,3569,5.5,1267.0,104878,0.173210161662807,1.76263219741482,1.64228127799344,-0.975753991720874,-2.9276693455798,3.38017470565894,-0.124627465473104,1.81728227782581,1.81481915502734,0.120350919421375,4.69030154299461,1.07328276893494,-0.602059860371883,20880.0,19147.0,19020.0,15786.0,23857.0,18708.25,22911.375,24399.65,1733.0,5094.0,1.09051026270434,1.32269099201824,3399.75,3374.625,2699.725,1587321.75,1540339.0,1200934.55,3920.0,4060.25,3885.475,5.2,2.043125,2.1505,1240.0,1140.0625,1055.425,106337.5,94839.625,79412.85,0,0
2024-06-30,2024,Q2,20801.0,3398.0,1619652.0,3480,5.5,1274.0,105589,-2.07492795389049,0.173210161662807,1.76263219741482,1.64228127799344,-0.975753991720874,-0.955180014695078,0.650592411337547,1.61684699382605,1.791452616066,-1.58942203575201,1.14896415338368,0.0982678983833652,-0.177514171740489,20491.0,20880.0,19147.0,19020.0,17878.0,19884.5,22701.0,24351.5,-389.0,1471.0,0.981369731800766,1.0773396424816,3421.75,3421.375,2743.125,1601619.5,1565513.1875,1223586.375,3867.5,4052.3125,3894.575,5.4575,2.3325,2.22425,1252.25,1153.5,1062.775,107034.0,96534.625,80628.825,0,0
2024-09-30,2024,Q3,21557.0,3381.0,1618019.0,3524,5.38,1278.0,109054,-0.500294290759273,-2.07492795389049,0.173210161662807,1.76263219741482,1.64228127799344,5.30415430267062,0.375798920795142,1.54686274762634,1.71795311964088,-2.2481381155533,-3.71720923188393,-11.9792507204619,-1.26344249410531,20801.0,20491.0,20880.0,19147.0,32168.0,20329.75,22883.6875,24323.05,310.0,1654.0,1.01512859304085,1.0863842899671,3434.0,3465.25,2784.35,1615697.25,1589997.6875,1245688.025,3758.0,4075.4375,3898.0,5.5,2.660625,2.287,1262.5,1167.5625,1070.25,107627.25,98765.75,81827.8,0,0
2024-12-31,2024,Q4,23091.0,3414.0,1636999.0,3306,4.63,1287.0,114789,0.976042590949433,-0.500294290759273,-2.07492795389049,0.173210161662807,1.76263219741482,8.52412821415991,-0.159844971393036,1.18408471053697,1.66399350393851,1.57463366313122,-2.26292648817409,0.241114054018705,-0.283833627624093,21557.0,20801.0,20491.0,20880.0,37880.0,20932.25,22220.5,24326.025,756.0,677.0,1.03634440651892,1.03242337164751,3428.25,3499.125,2824.425,1622463.25,1611069.6875,1267514.525,3628.0,4024.375,3901.025,5.47,2.98125,2.3355,1269.5,1181.6875,1077.8,107821.0,100375.375,83040.425,0,0
2025-03-31,2025,Q1,21108.0,3407.0,1642553.0,3226,4.02,1299.0,107609,-0.205038078500297,0.976042590949433,-0.500294290759273,-2.07492795389049,0.173210161662807,9.67218435572865,-0.356492373009382,0.712329359086313,1.60824833699121,1.47633688170871,0.802832429286626,-1.95093689649774,5.63501922508174,23091.0,21557.0,20801.0,20491.0,29945.0,21485.0,21296.1875,24238.175,1534.0,2600.0,1.07116017998794,1.12688497389098,3415.75,3519.9375,2863.9,1626352.0,1626777.5,1289239.85,3469.75,3947.0625,3897.025,5.2525,3.255,2.36375,1276.5,1195.9375,1085.525,108577.5,101957.0,84310.85,0,0
2025-06-30,2025,Q2,,,,3240,3.44,1308.0,108252,0.0,-0.205038078500297,0.976042590949433,-0.500294290759273,-2.07492795389049,3.43296833382658,-0.451054433050157,0.0950029569470032,1.52546570927938,-1.18108066944973,1.8698898753902,-0.210070831336211,0.0988169628327819,21108.0,23091.0,21557.0,20801.0,28211.0,21639.25,20743.875,24099.75,-1983.0,307.0,0.91412238534494,1.01475890582184,3400.0,3521.6875,2901.775,1629305.75,1634875.4375,1310524.525,3384.0,3880.125,3893.35,4.8825,3.490625,2.37675,1284.5,1210.375,1093.625,109260.25,103222.4375,85531.125,0,0
